Total; tran P X,Total; tran P Y
0,0.003040069035528371
4.8828125e-12,0.003040051378829715
1.46484375e-11,0.003040042069992594
3.417968750000001e-11,0.003040030717300313
7.324218750000002e-11,0.003039999862073966
1.513671875000001e-10,0.00303993710870307
3.076171875000001e-10,0.003039794264287885
6.201171875000003e-10,0.003039389866761794
1.2451171875e-09,0.003037945634817422
2.370520618457269e-09,0.003033512512187488
3.762675629791279e-09,0.003029075261276533
5e-09,0.003024557301385344
5.312104813140681e-09,0.003019870875684671
5.790447549747255e-09,0.003013043992646093
6.213004378238778e-09,0.003007413160079091
7.058118035221823e-09,0.00299715663712982
8.748345349187912e-09,0.002983024907934812
1.10309543183254e-08,0.00297730657862615
1.43125906893529e-08,0.002981820727082842
1.667209752568918e-08,0.002994678282081843
2.031043777227188e-08,0.003025738380107588
2.425354769848745e-08,0.003064892608642043
2.897138083970092e-08,0.003102816471855942
3.33791249799185e-08,0.003115463706299512
3.857745404767277e-08,0.003099247687014355
4.321535506867442e-08,0.003073836778127735
4.729415877728619e-08,0.003056449671831928
5.097972623495242e-08,0.003047289835753536
5.747843506565854e-08,0.003040153824834287
6.446544073457927e-08,0.003039448049979976
6.960835110657064e-08,0.003040619547544957
7.565845139593954e-08,0.003041545711958844
8.331424248771488e-08,0.003042844699551844
9.278660903186073e-08,0.003046704701235669
1.021539639092627e-07,0.003048781173667287
1.08953928961979e-07,0.00304744159791993
1.167239662994269e-07,0.00304972588612886
1.242675315147085e-07,0.00305178742003348
1.353251167865221e-07,0.003053252892544724
1.42662558393261e-07,0.003053423517839785
1.5e-07,0.003054736407231901
1.505427691393699e-07,0.003046443431325911
1.514338113471136e-07,0.003032471297628049
1.526178194326523e-07,0.002991076448688253
1.538089097163261e-07,0.002955523950442798
1.55e-07,0.00292290517468229
1.553065423640933e-07,0.002894180988648183
1.557655345537494e-07,0.002855855056417715
1.561783847219285e-07,0.00282633783142684
1.570040850582869e-07,0.002776497250282259
1.584360199742694e-07,0.002708766225098257
1.60260803763264e-07,0.002652613841808697
1.624441545970562e-07,0.002613697487281252
1.653708173520655e-07,0.002577608106798963
1.678798974928129e-07,0.002552804490661012
1.716086935783583e-07,0.002529067080970524
1.755389876522214e-07,0.002516368736501056
1.809033172220499e-07,0.00251770893709477
1.859833601701964e-07,0.002528807293188762
1.907025698621982e-07,0.002536969748400198
1.947887090183726e-07,0.00254069226739011
1.992676088407941e-07,0.002538569806015952
2.02133804420397e-07,0.002535065537898692
2.05e-07,0.002527614214637461
2.053460750877798e-07,0.002526662586141638
2.060061629353079e-07,0.002529656290348822
2.066746362511539e-07,0.002551693936153593
2.080115828828459e-07,0.002681597187051633
2.090057914414229e-07,0.002837667341851711
2.1e-07,0.002996108812778277
2.102749460369619e-07,0.002973181026262661
2.106850661813239e-07,0.002941130333597638
2.110563450848059e-07,0.002914201902348676
2.117989028917698e-07,0.00286552662395243
2.130909555676914e-07,0.00279533797561913
2.147885170501859e-07,0.002728725779644598
2.153708597316783e-07,0.002712034005008138
2.16535545094663e-07,0.002686787130755606
2.180300206646796e-07,0.002667109459766386
2.194328170546298e-07,0.002658864014030736
2.222384098345303e-07,0.002654786328708775
2.242975011504974e-07,0.002656087115354666
2.266104212620492e-07,0.002659394559136523
2.292020320364367e-07,0.002663251612539125
2.330689054102512e-07,0.002668008059551307
2.374810354414948e-07,0.002671649025506461
2.431893587122753e-07,0.002674242301764703
2.505036795797086e-07,0.002675220729197958
2.613048891874138e-07,0.002674092608297924
2.749889680623816e-07,0.002671103557086196
2.914143725491366e-07,0.002667576993076064
3.115728522848759e-07,0.002664261207477648
3.406439389801292e-07,0.002661006315738333
3.703219694900646e-07,0.002658809726009762
4e-07,0.00265728524376518
4.0125e-07,0.002652796161737531
4.028039183222543e-07,0.002647217425954591
4.05e-07,0.002636062439252108
4.053732824781658e-07,0.002630815888525996
4.060069251677222e-07,0.002622482928761347
4.065894074076907e-07,0.002615515510281703
4.077543718876277e-07,0.002603423373992273
4.100843008475016e-07,0.002589698512661992
4.121253104332382e-07,0.002581836484348376
4.143313187950177e-07,0.00257340049345652
4.169288049442614e-07,0.002564904784208463
4.213735255836136e-07,0.002555869642525071
4.258576742094606e-07,0.002551489299054091
4.33330853518755e-07,0.002549532756297722
4.413522929327114e-07,0.00255030562954311
4.481761464663557e-07,0.002551304941915039
4.55e-07,0.002552216006635332
4.553125e-07,0.002550070114504327
4.559291728948548e-07,0.0025648503851889
4.570285264517043e-07,0.002818282883676452
4.582593503831478e-07,0.003578260309622791
4.591296751915739e-07,0.004343533337059078
4.6e-07,0.005128789705411334
4.602683707068931e-07,0.005027029866958001
4.606485182245836e-07,0.004890246674582676
4.609948255514099e-07,0.004770596216456766
4.616874402050624e-07,0.004542478500278757
4.626014256159368e-07,0.004264011268803257
4.639332173505843e-07,0.003910313725933427
4.657968888436895e-07,0.003532240550830006
4.664741510831126e-07,0.003429609761924982
4.678286755619588e-07,0.003278151588967489
4.683289450285384e-07,0.003237498044556922
4.693294839616977e-07,0.003173772957480836
4.706650626262275e-07,0.003120451661889047
4.729806187843716e-07,0.0030879285040212
4.746372904593645e-07,0.00307894539692971
4.768516163928107e-07,0.003074012092258487
4.790258260672444e-07,0.003072261465621634
4.823080339060573e-07,0.003071541797127009
4.863889235525584e-07,0.003071334507888772
4.917418132650923e-07,0.003071166395854055
4.986187052725486e-07,0.003070890737815425
5.084479433370408e-07,0.003070504693369608
5.234626089087065e-07,0.00307000456885485
5.507925316006846e-07,0.003069354250732485
5.778962658003423e-07,0.003068906694833594
6.049999999999999e-07,0.003068579570108606
6.053125e-07,0.003068577995155418
6.059291728948549e-07,0.003071956746231863
6.071625186845647e-07,0.003131432641735051
6.084640871995219e-07,0.00329534479266208
6.092320435997609e-07,0.003422161791515515
6.099999999999999e-07,0.003541394279219528
6.102604976500879e-07,0.003519081462381139
6.106145099357546e-07,0.00349033712020739
6.109389252381711e-07,0.003465500338967033
6.11587755843004e-07,0.003419528643646831
6.128445210759883e-07,0.003342546212574677
6.144399294427472e-07,0.003265105733847091
6.165699547925184e-07,0.003190787159505487
6.190740574471969e-07,0.003140638614164724
6.210428077441191e-07,0.003120475741002021
6.241921450562682e-07,0.003099707689369805
6.273537436734748e-07,0.003088428872280971
6.298858802304678e-07,0.003083143478340896
6.335169714964178e-07,0.00307837317385719
6.380257112966347e-07,0.003075052521613947
6.439966684817093e-07,0.003072911230273047
6.517933514787214e-07,0.003071774724470728
6.620168886849794e-07,0.003071299627727576
6.743839601806479e-07,0.003071109311194835
6.885884660874632e-07,0.003070525443702924
7.017574063896485e-07,0.003069889725282489
7.149938259156045e-07,0.003069420995023859
7.341139165421974e-07,0.003068930328712199
7.5e-07,0.003068636896925759
7.507667239554623e-07,0.003058955951902574
7.518885207649647e-07,0.003039813969355281
7.534442603824823e-07,0.002985326411072931
7.55e-07,0.002928478887713633
7.553413878143178e-07,0.00289631012954272
7.558812053217738e-07,0.00285141325278523
7.563618257791028e-07,0.002817615084479342
7.573230666937608e-07,0.002760036913998222
7.588548634927612e-07,0.00269097167157399
7.608678068017305e-07,0.002645221880509555
7.63179079153499e-07,0.002615921849641464
7.654736507809334e-07,0.002592611859223231
7.682434606920495e-07,0.002576668358851301
7.72001098030857e-07,0.00257921927681008
7.76289041666877e-07,0.002598844416308357
7.838578389799564e-07,0.002621803167751231
7.895928011527793e-07,0.002604074766236908
7.951659303278675e-07,0.002578434304654525
7.975829651639337e-07,0.002575702444144335
8e-07,0.002582290953502499
8.003230467228997e-07,0.002583913727679025
8.009535176605016e-07,0.002587559596087749
8.015588256050723e-07,0.002590569511661052
8.027694414942137e-07,0.002595784118208299
8.040636973871264e-07,0.002603198448333125
8.049999999999999e-07,0.002608655428676403
8.052842082355468e-07,0.002608695561219921
8.057034854835524e-07,0.002609474160957428
8.06067063796353e-07,0.002610840260451891
8.067942204219543e-07,0.002614791335703846
8.082253575724945e-07,0.002625090107354169
8.09986907763702e-07,0.00263930372543793
8.121847636526766e-07,0.002655783062168142
8.149280365163109e-07,0.002670043975387476
8.189230779713321e-07,0.00267276723699804
8.243298321772459e-07,0.002650261084118226
8.287570627465834e-07,0.002629613251792806
8.327600436470733e-07,0.002620422948909224
8.37682469235282e-07,0.002617679586542498
8.425809427126582e-07,0.002616241860447169
8.487216816148781e-07,0.002617123132793824
8.530848726448384e-07,0.002617754187408016
8.607300054259689e-07,0.002618383010740611
8.686408096630425e-07,0.002618146391785854
8.795770960182048e-07,0.002617222308171067
8.924449060595343e-07,0.002615923072761849
9.102516239588465e-07,0.002614418028983831
9.354989034956436e-07,0.002612878655153672
9.702494517478216e-07,0.002611493198822546
1.005e-06,0.002610585419002269
1.0053125e-06,0.00260999302199198
1.005929172894855e-06,0.002609075288773846
1.007162518684565e-06,0.00261126773817671
1.008431883610444e-06,0.002618204708368378
1.01e-06,0.002627230198520292
1.010350206584793e-06,0.002626962738359218
1.010877785405558e-06,0.002627345790597008
1.011360779432624e-06,0.002627883648263474
1.012326767486756e-06,0.00262891671368981
1.013449771768815e-06,0.002629881567212335
1.015032071050883e-06,0.002630907581101794
1.017119657467383e-06,0.002631674190952734
1.020185144775682e-06,0.002632077638488842
1.023980542005133e-06,0.002632151999049589
1.029237824980571e-06,0.002632109018025732
1.037470020493148e-06,0.002631989500438112
1.046235010246574e-06,0.002631861204441178
1.055e-06,0.00263174073846395
1.0553125e-06,0.0026292575512896
1.055929172894855e-06,0.002643222928838111
1.057162518684565e-06,0.002957012517826768
1.058416429164505e-06,0.003793306778239223
1.059208214582252e-06,0.004505742203373751
1.06e-06,0.005216453587597385
1.060263170262896e-06,0.005114992279499932
1.06062350123107e-06,0.004983642734929471
1.060953248383429e-06,0.004868823072931064
1.061612742688145e-06,0.004650790295866483
1.062512846747196e-06,0.004375920091527359
1.063812452751413e-06,0.004028414982397029
1.065490882311502e-06,0.003674250968194061
1.067815016154782e-06,0.003360024052891438
1.070417354510053e-06,0.003188343757703019
1.072706202140646e-06,0.003134813052866702
1.075580704997054e-06,0.003104074611292464
1.078706683891267e-06,0.003088683190508269
1.081174678758792e-06,0.003082523970336968
1.084756407636186e-06,0.003077577386407987
1.089356259638729e-06,0.003074320341048837
1.095533867449625e-06,0.003072356156488101
1.103498943125193e-06,0.003071327542427746
1.11345914529601e-06,0.003070948746603265
1.125831745712664e-06,0.00307076825031493
1.140029200346616e-06,0.00307018633598078
1.152965968972544e-06,0.003069579185671662
1.166297331433566e-06,0.003069128965648787
1.186090252973539e-06,0.00306864547270865
1.2e-06,0.00306840373295891
1.200721156006859e-06,0.00306652321467882
1.201798053408336e-06,0.003063629069092443
1.203565245181746e-06,0.003056762429984607
1.205e-06,0.003050619521339637
1.205339718314314e-06,0.003045670206350962
1.205872129466891e-06,0.003038340727557612
1.206333645286009e-06,0.003032468097672083
1.207256676924245e-06,0.003021936936225055
1.209102740200717e-06,0.003009172765742957
1.211151164054496e-06,0.003004755316278343
1.213538860955663e-06,0.003006076084321171
1.215867567717163e-06,0.003014948429400443
1.219461795206189e-06,0.003040564667852436
1.223128323762505e-06,0.003072275415425992
1.229581468466236e-06,0.003114241646465914
1.23554387132104e-06,0.003115074001561927
1.24186313956374e-06,0.003092662725803648
1.246434279685771e-06,0.003079558172874394
1.250611871110863e-06,0.003071964717854003
1.255711958535728e-06,0.003067303017226253
1.26093440624445e-06,0.003066668688398964
1.26596809726224e-06,0.003067458891068936
1.272791836379154e-06,0.003068675141495392
1.280245247988964e-06,0.003069432943801243
1.289469547421368e-06,0.003069690570745919
1.300886874160971e-06,0.003069499029743271
1.316435996072126e-06,0.003069094174029808
1.333217998036063e-06,0.003068703144537734
1.35e-06,0.003068422293835631
1.3503125e-06,0.003067922406794182
1.350929172894855e-06,0.003066137499820238
1.352162518684565e-06,0.003035003243692823
1.353581259342282e-06,0.002985037788852562
1.355e-06,0.002934845827415176
1.355336270703196e-06,0.002902605269599078
1.355847684554283e-06,0.002859219975639043
1.356304802867453e-06,0.002826323786366337
1.357219039493793e-06,0.002770154333098982
1.358721882577027e-06,0.002699611287148463
1.360676056565357e-06,0.002653994334063213
1.362894679799136e-06,0.002629344684599743
1.365197988797146e-06,0.002614583293323132
1.367841049496257e-06,0.002614491410966004
1.371871113970585e-06,0.002649693647087
1.375935236150717e-06,0.002703551443011425
1.381176434977965e-06,0.002757880201800194
1.387009188967643e-06,0.002752206377021825
1.392801683279827e-06,0.002676034581710913
1.397446597005844e-06,0.002616107340526789
1.40154966165338e-06,0.002600627815420073
1.405e-06,0.002612660680441017
1.405373908281053e-06,0.002614608089098097
1.405547663654142e-06,0.002615749106678007
1.405895174400321e-06,0.002620415396484907
1.406590195892679e-06,0.002645402549635406
1.407962813643747e-06,0.002784216739629655
1.409166619977969e-06,0.002983317811329838
1.41e-06,0.003120732256458773
1.410198018960151e-06,0.003105437527198997
1.41057914581609e-06,0.003077690549512736
1.410906207156189e-06,0.003055544613645678
1.411560329836389e-06,0.003015156342109825
1.412767999228168e-06,0.002952194604966714
1.41435729682052e-06,0.002889563873433867
1.416474942258712e-06,0.002836701586782908
1.41721465303674e-06,0.002824305522417581
1.418694074592797e-06,0.002806365289224979
1.420340461019226e-06,0.002792959050347391
1.422024382983108e-06,0.002780682639304877
1.42485478530455e-06,0.002761729130731672
1.426953552955115e-06,0.002749173318000177
1.430119258737147e-06,0.002734808860277396
1.433451655980261e-06,0.0027267051692781
1.438204910360919e-06,0.002723923833431838
1.443548566538115e-06,0.002722566967990437
1.447812990472665e-06,0.002723189720169297
1.452022348990203e-06,0.0027238711863393
1.458964395403168e-06,0.002724550238624746
1.466749031274235e-06,0.002724325202376998
1.476520500332901e-06,0.002723280448425248
1.488419517659506e-06,0.002721726017410419
1.504560640381648e-06,0.002719877243060073
1.5266101694334e-06,0.002718017524768958
1.563416503542866e-06,0.002716024451117678
1.6e-06,0.002714814730275841
1.60125e-06,0.002710346245129001
1.602803918322254e-06,0.002704791982531188
1.605e-06,0.002693670836971101
1.605373278868118e-06,0.002688429915725926
1.606006921075987e-06,0.002680107282502435
1.606589402795119e-06,0.00267315016986029
1.607754366233382e-06,0.002661078022541495
1.610084293109909e-06,0.002647389738955479
1.612125337354495e-06,0.002639557279091556
1.6143313433034e-06,0.002631153078960012
1.616928849992158e-06,0.002622694192464609
1.621373495328215e-06,0.002613720347038512
1.625857702650878e-06,0.002609399462935003
1.633330818026588e-06,0.002607537265980981
1.641352294482969e-06,0.002608404120823059
1.648176147241484e-06,0.002609477645704063
1.655e-06,0.002610458082754103
1.6553125e-06,0.0026080364623977
1.655929172894855e-06,0.002622130124027819
1.657028526375266e-06,0.002877251147632265
1.658261047221298e-06,0.003645341979680782
1.659130523610649e-06,0.004413014036668463
1.66e-06,0.005195409441010927
1.660268332997359e-06,0.005091782682391429
1.660648272472655e-06,0.004953328549511998
1.660994406786419e-06,0.004832994272111307
1.661686675413945e-06,0.004604772448858269
1.662601032749617e-06,0.004326691869893521
1.663932229650336e-06,0.003973135881840499
1.665647805445969e-06,0.003614646061818813
1.668025649241823e-06,0.003293059750942787
1.670567017498828e-06,0.00312381538394922
1.672789033818938e-06,0.003071990683638848
1.675836355621043e-06,0.003048100258244535
1.678769301309752e-06,0.003053248328995376
1.681246815646178e-06,0.003068584805843463
1.684751957935367e-06,0.003095093000705911
1.689528444619112e-06,0.003122697267449406
1.694950631569506e-06,0.003125253761602207
1.700938370885979e-06,0.003103549265055079
1.705458591354658e-06,0.003087302669334675
1.709358707784733e-06,0.003078858210177059
1.71501755330106e-06,0.003072754621255905
1.720066895987663e-06,0.003071103245287426
1.725393185606449e-06,0.003071818850870789
1.730747387012275e-06,0.003072505708801472
1.738488715131948e-06,0.003073123235154521
1.746782667193917e-06,0.003073006181219716
1.758135491593385e-06,0.003072405091263056
1.772015119694151e-06,0.003071525270082179
1.791233155472277e-06,0.0030705706053656
1.805e-06,0.003070041264208242
1.8053125e-06,0.003070033992250306
1.805929172894855e-06,0.003073400452809555
1.807162518684565e-06,0.003132841374865624
1.808464031857192e-06,0.003296687556774616
1.809232015928596e-06,0.003423461354056744
1.81e-06,0.00354263685744492
1.810260498764182e-06,0.003520314370876159
1.810614518061171e-06,0.003491556813201671
1.810938939190291e-06,0.003466708719878497
1.811587781448531e-06,0.003420717875220934
1.81284452580572e-06,0.003343743590261676
1.814439378015828e-06,0.003266303957070308
1.816575005142223e-06,0.003191806729910373
1.819073180578196e-06,0.003141794360444261
1.821042228249077e-06,0.003121609313287937
1.824192284344996e-06,0.003100795014626459
1.827354356073809e-06,0.003089469505561213
1.829886387008163e-06,0.003084147324504658
1.833518019770896e-06,0.003079325233791907
1.838027888270614e-06,0.003075944493133221
1.844000882205232e-06,0.003073730175257678
1.851800527478659e-06,0.003072508245423235
1.862025466043462e-06,0.003071935567160895
1.874394534376078e-06,0.003071644303670872
1.88859986804208e-06,0.003070965188619149
1.901767273351493e-06,0.003070256093641804
1.915005465877439e-06,0.003069725904423934
1.934135952921389e-06,0.00306916228960405
1.95e-06,0.00306882095711859
1.950766230807328e-06,0.003059242783071481
1.951887546547279e-06,0.003040462828293537
1.95344377327364e-06,0.002986358104974638
1.955e-06,0.002929231693631444
1.95534140903067e-06,0.00289669111453732
1.955881326622238e-06,0.002851203593984252
1.956362029999883e-06,0.00281693404910695
1.957323436755174e-06,0.002758758380156346
1.958851085541603e-06,0.002691689780019489
1.96086009935371e-06,0.002652160031619835
1.963164942667268e-06,0.002634092206327991
1.965457316512466e-06,0.002632885243267827
1.968220476454094e-06,0.002658533367678736
1.971982482345471e-06,0.002729097934769926
1.976264318497932e-06,0.002822615603203269
1.980987778066558e-06,0.002893557205636612
1.986592255365938e-06,0.002882172633346914
1.991895495322918e-06,0.002779126052639639
1.996505282561749e-06,0.002688676613808774
2e-06,0.002663188410875813
2.000375938637524e-06,0.002663221494555374
2.001073473878882e-06,0.002664893003973154
2.001825092968053e-06,0.002667295669422239
2.003328331146394e-06,0.00267431534933646
2.004164165573197e-06,0.002680959884250387
2.005e-06,0.002688263047641301
2.005269669478937e-06,0.002689187897341936
2.005641811474851e-06,0.002691177416904424
2.005981591932609e-06,0.002693691893529139
2.006661152848127e-06,0.002700100982019147
2.008020274679162e-06,0.002716180671144995
2.009748549739809e-06,0.002739179898349947
2.011896211580201e-06,0.002766674181564318
2.014565753855277e-06,0.002792044203786391
2.018381650614607e-06,0.002800356754712031
2.023396095309632e-06,0.002764466620571931
2.027778647114162e-06,0.00271969428226599
2.031718113882106e-06,0.002693119066936091
2.0352835607638e-06,0.002683296365269507
2.040240140890328e-06,0.002679333564251274
2.045274609157388e-06,0.002678216930251857
2.049446045945218e-06,0.002679738021888363
2.053477636505508e-06,0.002681040713443051
2.061281527666931e-06,0.002682641946292766
2.069019542294815e-06,0.002682586994953989
2.079469096972159e-06,0.002681370898255208
2.091728714420493e-06,0.002679489096847848
2.108914759020972e-06,0.002677214950694467
2.132932888612636e-06,0.002674930078107186
2.175810507929429e-06,0.002672429318304866
2.205e-06,0.002671376587869338
2.2053125e-06,0.002670781123700739
2.205929172894855e-06,0.002669857537195393
2.207162518684564e-06,0.002672038816981004
2.208431913012111e-06,0.00267896483458622
2.21e-06,0.002687976697154975
2.210350204376984e-06,0.002687705251545124
2.210877780178177e-06,0.002688075678269416
2.211360769272952e-06,0.002688611401365441
2.212326747462502e-06,0.00268964037992168
2.213468740952444e-06,0.002690612849966883
2.215046221521563e-06,0.002691618649933732
2.217135256146894e-06,0.002692365829338646
2.220196306430175e-06,0.002692743125823307
2.224000136827626e-06,0.002692789317253558
2.22926556334961e-06,0.00269270941705149
2.237520914655202e-06,0.002692536445776338
2.246260457327601e-06,0.00269235691669353
2.255e-06,0.00269219044802922
2.2553125e-06,0.002689414296175899
2.255929172894854e-06,0.002702653042314197
2.257162518684563e-06,0.003018273358524735
2.258418159697472e-06,0.003861690838407436
2.259209079848736e-06,0.004574367353093419
2.26e-06,0.005280276517025067
2.260263099014069e-06,0.005176920699611091
2.260623206135551e-06,0.005043847633096413
2.260952765568187e-06,0.004928204746640093
2.261611884433459e-06,0.004709761955184561
2.262508760734564e-06,0.004436128610589427
2.263809322940121e-06,0.004088613883155395
2.265487564856399e-06,0.003730894859619912
2.267816266857095e-06,0.003393211458931328
2.268467759034281e-06,0.003325890203581146
2.269770743388654e-06,0.003224908007199037
2.271355605308753e-06,0.003154426895534108
2.27298932770186e-06,0.003113710867735688
2.274646675837117e-06,0.003087159934311512
2.276914230652812e-06,0.003071822776706091
2.279208288897674e-06,0.003072869551212889
2.282411382711854e-06,0.003088395642644739
2.286500346488477e-06,0.003113934958137197
2.291695981571143e-06,0.003131613671176897
2.297118014951362e-06,0.003121428980245446
2.302386460012155e-06,0.003100007086152612
2.306542074741129e-06,0.003087183260231282
2.310722361600906e-06,0.003079214249061144
2.316358066001933e-06,0.003074035983107674
2.321882229141421e-06,0.003073546929401086
2.326914195867373e-06,0.003074214732351042
2.333699701981378e-06,0.003074915268667872
2.341245640932282e-06,0.003074977317434152
2.350679331668131e-06,0.003074406143635689
2.362460456118667e-06,0.003073378681547055
2.378413903649277e-06,0.00307215858479652
2.4e-06,0.00307094343530149
2.40125e-06,0.003066304383083287
2.402803918322255e-06,0.003060677208355895
2.405e-06,0.003049809593658563
2.405373219187519e-06,0.003044693961208022
2.406006853432194e-06,0.003036536208237164
2.406589326540919e-06,0.003029685782515323
2.407754272758368e-06,0.003018155639369365
2.410084165193267e-06,0.003008445593214224
2.412160801821616e-06,0.00300673214438936
2.414395149169629e-06,0.003010691761411714
2.417073225161666e-06,0.003024647326589769
2.421143403805079e-06,0.003057294710061317
2.42594926637367e-06,0.003096741359704464
2.433241972957729e-06,0.003121191735822095
2.439109262792758e-06,0.003104741763480765
2.4404272930411e-06,0.003099578136297146
2.443063353537784e-06,0.003089820018337356
2.446247077386271e-06,0.003080845976828746
2.450702438239799e-06,0.003073307877827072
2.459284168627744e-06,0.003067900459012038
2.46545522724895e-06,0.003068664265083903
2.470865696325316e-06,0.003069639794389191
2.477826689009386e-06,0.003070433751310464
2.486572747773206e-06,0.003070769698390932
2.497509955951736e-06,0.003070585385058131
2.512102324032147e-06,0.003070109153777341
2.531110757148656e-06,0.003069530007346236
2.55e-06,0.003069107101645063
2.55083119862797e-06,0.003057679240042188
2.552015034213721e-06,0.003035806403038006
2.55350751710686e-06,0.002984186038878978
2.555e-06,0.002930435380224515
2.555337899460023e-06,0.002898045861706324
2.555864530389502e-06,0.002853414916994357
2.55633419675743e-06,0.00281973305041212
2.557273529493288e-06,0.002762569745480943
2.558779902789672e-06,0.002696136467267597
2.560763366231329e-06,0.002658831171802612
2.563027287237598e-06,0.002645390466470932
2.565310675692755e-06,0.00265249931806103
2.568021381188095e-06,0.002693811654590722
2.571846294689305e-06,0.002796123671375954
2.576025872820462e-06,0.002923110612483305
2.580631998692128e-06,0.003023092316739315
2.586238433090362e-06,0.003019388841380866
2.591191343369843e-06,0.002895831176865998
2.592355976383428e-06,0.002856837387585188
2.594685242410596e-06,0.002782161363036243
2.597593748018985e-06,0.002711601723182059
2.600804590811471e-06,0.002678365793259402
2.605e-06,0.00269568755518353
2.605406654142778e-06,0.002699159686316005
2.605590411606588e-06,0.002701138779349264
2.605957926534207e-06,0.002708182850298008
2.606692956389446e-06,0.002741141743868298
2.608020151700364e-06,0.002888552102620914
2.609010075850182e-06,0.003056983512589245
2.61e-06,0.00322694713191441
2.610274730073897e-06,0.00320722512569868
2.610683834229212e-06,0.003179872343307397
2.611054267255634e-06,0.003157051026133888
2.611795133308479e-06,0.003115972305888324
2.613070374245455e-06,0.0030572455221132
2.614761681408029e-06,0.00299943076744349
2.617076770571546e-06,0.002949339576630673
2.61784530313831e-06,0.002937682815527571
2.619382368271838e-06,0.002918704026515287
2.622456498538894e-06,0.002883234437135244
2.625094836842401e-06,0.00285254163236789
2.627523353864942e-06,0.002827624233082243
2.630404331178192e-06,0.002805717265014964
2.633861196619432e-06,0.002792314498278819
2.638629519930684e-06,0.002786430328876132
2.643298981765655e-06,0.002784636470210462
2.647730754037477e-06,0.002785802924345769
2.651992343025472e-06,0.002787315919750264
2.658161018410659e-06,0.002788851265740792
2.665715930957178e-06,0.002789159706789898
2.674859418157203e-06,0.002788100144532828
2.686216901982682e-06,0.002786031471100423
2.701520646245505e-06,0.002783446477261469
2.722157393666662e-06,0.002780789362257529
2.754363037039949e-06,0.002778093293710457
2.8e-06,0.002775842698299317
2.80125e-06,0.002771363536090648
2.802803918322254e-06,0.00276579558718952
2.805e-06,0.002754653580072006
2.805373275046205e-06,0.002749409208378432
2.806006916744118e-06,0.002741080693347103
2.806589397911846e-06,0.002734118177906167
2.807754360247302e-06,0.002722035218949391
2.810084284918214e-06,0.00270832010423207
2.812126336444196e-06,0.002700467203214296
2.814334407147066e-06,0.002692038086109575
2.816930719769211e-06,0.002683565422093186
2.821372249283941e-06,0.002674564293963647
2.825857929111855e-06,0.002670207981766251
2.833330331822568e-06,0.002668293101664569
2.841352704036616e-06,0.002669107578317841
2.848176352018308e-06,0.002670139704328434
2.855e-06,0.002671081880175703
2.8553125e-06,0.002668365643690561
2.855929172894854e-06,0.002681730165585716
2.857028506181004e-06,0.002938208971597563
2.858263239361242e-06,0.003713715226161277
2.859131619680621e-06,0.004482206820657217
2.86e-06,0.005259510918203697
2.860200842472968e-06,0.005179842812957164
2.860568631856759e-06,0.005042203064872667
2.860901545094219e-06,0.00492431995724258
2.86156737156914e-06,0.004701865168304541
2.862454026471383e-06,0.00442864756428125
2.863723679940507e-06,0.004083763434267074
2.865373817179619e-06,0.003721027391180689
2.867675052610365e-06,0.003364814050829647
2.868334188050627e-06,0.003289254462953992
2.869652458931151e-06,0.003174678177249987
2.871265150448509e-06,0.003096575408574579
2.872884425969838e-06,0.003054702531113633
2.874560847330243e-06,0.003029389316912949
2.876768915179123e-06,0.003023078068010316
2.879035829674614e-06,0.003039497302213738
2.882176222808213e-06,0.003081748085691272
2.886220995299566e-06,0.003141586592270935
2.89146847740224e-06,0.003185584488279973
2.896886799786705e-06,0.003169943331607448
2.902250786418002e-06,0.00312763029848591
2.906459867702818e-06,0.003101692593926958
2.910596150730399e-06,0.003085835527619932
2.916193698838342e-06,0.003075292846418787
2.921792707802022e-06,0.003074134228365888
2.926832253539047e-06,0.003075634025512259
2.933587944673719e-06,0.003077434325888237
2.941120880032874e-06,0.003078159992586575
2.950497895291538e-06,0.003077732605858383
2.962244158335384e-06,0.003076411398202648
2.978139359804018e-06,0.003074685215829865
2.991569679902009e-06,0.003073497961249494
3.005e-06,0.003072585389006278
3.0053125e-06,0.003072567001394114
3.005929172894855e-06,0.003075912764090977
3.007162518684564e-06,0.003135317081435911
3.008464028647156e-06,0.003299126407481925
3.009232014323578e-06,0.003425878950757865
3.01e-06,0.003545032818003017
3.010260498838249e-06,0.003522703512983004
3.010614518543619e-06,0.003493936705954037
3.01093894001257e-06,0.00346908024922225
3.011587782950473e-06,0.003423072961747852
3.012844531431415e-06,0.003346067763362026
3.014439410398855e-06,0.003268589762179381
3.01657506439502e-06,0.003194044011008266
3.019073225158057e-06,0.003143978141468386
3.021042259283591e-06,0.003123751340972385
3.024192476162809e-06,0.003102870922603077
3.027354488259038e-06,0.003091482971604601
3.02988657293413e-06,0.003086112358775526
3.033518236268038e-06,0.003081223827010756
3.038028242574873e-06,0.00307776512785729
3.04400139140999e-06,0.003075454782820728
3.051801325779903e-06,0.003074118425801201
3.062026401323965e-06,0.003073412242691124
3.074395686110383e-06,0.003072981173038289
3.088601105005772e-06,0.003072163761578868
3.101768344005341e-06,0.003071345672858314
3.115006721105387e-06,0.003070719650230943
3.134138299268697e-06,0.00307003885096536
3.149999999999999e-06,0.003069615175136294
3.150766178280149e-06,0.003060215505801964
3.151887442773379e-06,0.003041732396828398
3.15344372138669e-06,0.002987919466537424
3.155e-06,0.00293043638396839
3.155341421134393e-06,0.002897511425103125
3.155881350832901e-06,0.002851431692903292
3.156362064616133e-06,0.002816744679553415
3.157323492182598e-06,0.002758128274116403
3.158843748426815e-06,0.002693332107306453
3.160852938369625e-06,0.002659947661597378
3.163177733308621e-06,0.002652826495696803
3.165468910841699e-06,0.002673445659178312
3.168276410301777e-06,0.002741300562750165
3.172045919124055e-06,0.002878761972366373
3.176464426463251e-06,0.00304859959249357
3.181006828404343e-06,0.00316136638932855
3.186550840986844e-06,0.003138297899338467
3.191349634770731e-06,0.002978859218908787
3.19596092842554e-06,0.002801298609722392
3.19798046421277e-06,0.002746574208633739
3.2e-06,0.002712641130046401
3.200393758700452e-06,0.002708331423027768
3.201029458371749e-06,0.002703226249709135
3.201590606023568e-06,0.002699485337790511
3.202712901327206e-06,0.002693896492135341
3.204018753579823e-06,0.002691800971988333
3.205e-06,0.002691835230190389
3.205288727772601e-06,0.002690499208021156
3.205717005355826e-06,0.002689496471803278
3.20608975780288e-06,0.0026895156297923
3.206835262696987e-06,0.002691305913230139
3.208285986202959e-06,0.002699036802609095
3.210075145131015e-06,0.002712258164100132
3.212306331859049e-06,0.002728284040108681
3.215102697677579e-06,0.002738808205381426
3.219201834200549e-06,0.002726378878465138
3.223995782458278e-06,0.002686359989160965
3.228362816121817e-06,0.002655503106716101
3.232175951785744e-06,0.002643775799608745
3.23823664639231e-06,0.002641872890422275
3.24359463485904e-06,0.002640196627770647
3.248123431798831e-06,0.002642528249826187
3.252461584872505e-06,0.002643811661347924
3.261137891019853e-06,0.002645072125780303
3.269386563891572e-06,0.002644135111724499
3.280751020599072e-06,0.00264177711868488
3.294322545529235e-06,0.002638835218447721
3.31301813450999e-06,0.002635664350291084
3.340204958934478e-06,0.002632511466828051
3.372602479467239e-06,0.002630127591882294
3.405e-06,0.002628550830611425
3.405312499999999e-06,0.002627953586731634
3.405929172894854e-06,0.002627025757863878
3.407162518684564e-06,0.002629196637062345
3.40843188319865e-06,0.002636111190462355
3.41e-06,0.002645109434644692
3.410350206969087e-06,0.002644834930366914
3.410877785884033e-06,0.002645200783230997
3.411360780036514e-06,0.00264573233415008
3.412326768341474e-06,0.002646753031390237
3.413468765342353e-06,0.002647715814600643
3.415046251766021e-06,0.002648708430275522
3.417135294699364e-06,0.002649438512650211
3.420196351184486e-06,0.002649791510427767
3.424000197559233e-06,0.002649808545344728
3.429265666826418e-06,0.002649690370931655
3.437521133428481e-06,0.002649461465928983
3.44626056671424e-06,0.002649227824890387
3.455e-06,0.002649011744891258
3.4553125e-06,0.002646145658816534
3.455929172894854e-06,0.002659086075122685
3.457162518684564e-06,0.002975526315568797
3.458443689683785e-06,0.003842745715833111
3.459221844841892e-06,0.004544878737468087
3.46e-06,0.005234264935163734
3.460192927233022e-06,0.005156842768854707
3.46053716337753e-06,0.005026663411246079
3.460850191857195e-06,0.004915076333993465
3.461476248816525e-06,0.00470534959526972
3.462431489080164e-06,0.004412801103676839
3.463695117653957e-06,0.004074567384584092
3.465335307400983e-06,0.003720258459921174
3.467592688308813e-06,0.003374079819443175
3.46829584034017e-06,0.003293457096652947
3.469702144402885e-06,0.003173667149623641
3.471377654311446e-06,0.003095379401534759
3.473045727685144e-06,0.003052047491608039
3.474833185270576e-06,0.00302608806922258
3.477058981193669e-06,0.003022278280070192
3.479402301951606e-06,0.00304143243380579
3.482745138721302e-06,0.003088230619928398
3.487005804581334e-06,0.003149436439831915
3.492319219228903e-06,0.003185019433527462
3.497815927863159e-06,0.003161343843471476
3.50291730386165e-06,0.003120818581861765
3.506961768644794e-06,0.003097701958126122
3.511355192439931e-06,0.003082385640511262
3.517081027817846e-06,0.00307323718261885
3.522390311735057e-06,0.003073118764572965
3.527405962119851e-06,0.003074677494664724
3.534327433337225e-06,0.003076585580192568
3.541936457627349e-06,0.003077264108083867
3.551643211979832e-06,0.003076857011181686
3.56363086613513e-06,0.003075579021025502
3.579907698320712e-06,0.003073980439168756
3.6e-06,0.003072463333963161
3.600855665211647e-06,0.003069935283442491
3.602062619334131e-06,0.003066270058602806
3.603531309667066e-06,0.003060410633667498
3.605e-06,0.003053992807132453
3.605337662554755e-06,0.003049074003888337
3.605859451319184e-06,0.003041886765725876
3.606325136243082e-06,0.003035952818126342
3.607256506090879e-06,0.0030253355476115
3.609119245786473e-06,0.003012674179688651
3.611150823270012e-06,0.003008346604478573
3.613573523448703e-06,0.00300974139433615
3.6159101363107e-06,0.003018799127905847
3.619630428221092e-06,0.003045577878390744
3.623340572839044e-06,0.003077573648720488
3.629927709261597e-06,0.003118498356792039
3.635823445513511e-06,0.003117047913805622
3.642021684337532e-06,0.003094595171567972
3.646549358963646e-06,0.003081758484059287
3.650758241502398e-06,0.003074189717304062
3.655941870652425e-06,0.00306953904230444
3.661105925899426e-06,0.003068950021681636
3.66614447690358e-06,0.003069663040519021
3.673005126472596e-06,0.003070761537285029
3.680493838578492e-06,0.003071380730927722
3.689809035422647e-06,0.003071490089790593
3.701326532558662e-06,0.003071139268446816
3.716997120003351e-06,0.003070559554296326
3.733498560001675e-06,0.003070022730001979
3.75e-06,0.003069616556371805
3.75078036906077e-06,0.003059589932080568
3.751915436173218e-06,0.003040085647046042
3.753457718086609e-06,0.00298638407690202
3.755e-06,0.002930135806185846
3.755340642881174e-06,0.00289773525914708
3.755877668204856e-06,0.002852644815129187
3.756355969226235e-06,0.002818746788740529
3.757312571268993e-06,0.002761378164395469
3.758838591906893e-06,0.002696543378828049
3.760842285910752e-06,0.002663225806766993
3.763165783245329e-06,0.002655406051598069
3.765458062911544e-06,0.002672986733534154
3.768261188914245e-06,0.002735629473479378
3.772036713517267e-06,0.002867134505224367
3.7764421887533e-06,0.003032137333948475
3.783638557360378e-06,0.003164062293802858
3.789440282634733e-06,0.003055336053171115
3.790807969455676e-06,0.003005247366302313
3.793543343097562e-06,0.002897088067185876
3.797106287130134e-06,0.00277980094529901
3.800517761366948e-06,0.002724138962742858
3.802758880683474e-06,0.002715736270832877
3.805e-06,0.002720532140407208
3.805313567021872e-06,0.002721745040970335
3.805931642859826e-06,0.002728144528562695
3.806511178141326e-06,0.002747963053686522
3.807670248704325e-06,0.002851809808220747
3.808876842467432e-06,0.003040456624926476
3.81e-06,0.003229673521270013
3.810284294936993e-06,0.003208112755724649
3.810729681570616e-06,0.003176654107030202
3.811126792640689e-06,0.00315080648869204
3.811921014780833e-06,0.003104200725170529
3.813221422237341e-06,0.003040230718638413
3.814969059637534e-06,0.002975120477607427
3.815582420449833e-06,0.00295719527228176
3.816809142074432e-06,0.002927439211302186
3.817422502886731e-06,0.002915001822030161
3.81864922451133e-06,0.0028943547188175
3.820395312952901e-06,0.002870810206247545
3.821910210786176e-06,0.002852409235013296
3.824020906622591e-06,0.002830420487499807
3.826066912062397e-06,0.002813575265929587
3.829186934825345e-06,0.002796222010518128
3.832757012442129e-06,0.002788275952724323
3.836487614799309e-06,0.002787772492183739
3.841547635782519e-06,0.002786660629049505
3.845762431991928e-06,0.002788326317462467
3.849928054238981e-06,0.002790075030694614
3.857368398683669e-06,0.002792092250567156
3.865489488850636e-06,0.002792044122732474
3.875656896182198e-06,0.002790306762291438
3.887855240647178e-06,0.002787637263415797
3.904236373891326e-06,0.002784524113200803
3.926816256854439e-06,0.002781437235238423
3.965395669936914e-06,0.002778156171773671
4e-06,0.002776394574520434
4.00125e-06,0.00277190754476256
4.002803918322255e-06,0.002766330741752568
4.005e-06,0.002755179135296162
4.005373279675326e-06,0.00274993313406862
4.0060069219909e-06,0.00274160195794934
4.006589403826491e-06,0.002734636965156289
4.007754367497674e-06,0.002722549261699696
4.010084294840038e-06,0.002708824704115914
4.012126352319314e-06,0.002700963633826493
4.01433442035356e-06,0.002692525977598152
4.016930740234918e-06,0.002684043272602953
4.021372198676686e-06,0.002675026175613655
4.025857892430555e-06,0.002670654186429008
4.03333027580745e-06,0.00266871497451811
4.041352654297716e-06,0.002669505462956786
4.048176327148857e-06,0.002670518727510177
4.054999999999999e-06,0.002671443330744902
4.055312499999999e-06,0.002668726632371229
4.055929172894855e-06,0.002682088286923325
4.057028508633547e-06,0.002938572409876064
4.058263241521195e-06,0.003714104400707053
4.059131620760597e-06,0.004482622972586571
4.059999999999999e-06,0.005259961922945154
4.060200842348772e-06,0.005180294397620889
4.06056863144997e-06,0.005042658299533735
4.060901544447642e-06,0.004924780308981283
4.061567370442985e-06,0.004702322704025621
4.062454026128129e-06,0.004429081853544372
4.063723678447593e-06,0.004084164762208
4.065373811182558e-06,0.003721410961236575
4.067674802589243e-06,0.003365232021017837
4.070311334990526e-06,0.003138887025580781
4.072563061493682e-06,0.003061853126034704
4.075297347027682e-06,0.00302451134782156
4.078414715904624e-06,0.00303311399432199
4.080850229987476e-06,0.003062188906017727
4.084374435180989e-06,0.003115415794668434
4.088915272318676e-06,0.003171564297223513
4.094465906056567e-06,0.003183822702457267
4.100653473349742e-06,0.003140948658960025
4.101803894757796e-06,0.003131707389588317
4.104104737573903e-06,0.003114369948522042
4.107218146011783e-06,0.00309748011400295
4.110488405451163e-06,0.003086557504101944
4.116305725694561e-06,0.003075363504143033
4.120955730519927e-06,0.00307427260021309
4.125547476599933e-06,0.003075445284650613
4.132191692844652e-06,0.003077380003604663
4.13961138126764e-06,0.003078334863827115
4.148640598510489e-06,0.003078102564614456
4.159763701460621e-06,0.00307689808588689
4.174996348478567e-06,0.003075186914527968
4.189998174239283e-06,0.003073789780617394
4.205e-06,0.003072743995185746
4.205312499999999e-06,0.003072725330487694
4.205929172894854e-06,0.003076070493609842
4.207162518684563e-06,0.003135473948488816
4.208464032023903e-06,0.003299283289799874
4.209232016011951e-06,0.003426035474677358
4.21e-06,0.003545189153658612
4.210260498722322e-06,0.003522859737478386
4.210614517991243e-06,0.003494092794428697
4.210938939095208e-06,0.003469236195648457
4.211587781303138e-06,0.003423228572568627
4.212844528093133e-06,0.003346222547293002
4.214439398891969e-06,0.003268743487554013
4.216575044332744e-06,0.003194195945356794
4.219073208783637e-06,0.003144127600392909
4.221042246300944e-06,0.003123899202731992
4.224192411412911e-06,0.003103016852911643
4.227354441920584e-06,0.003091626686324513
4.229886509353793e-06,0.003086254515026947
4.233518163099088e-06,0.00308136376098958
4.238028126104695e-06,0.003077902427707886
4.244001226367783e-06,0.003075590818863254
4.251785077514592e-06,0.003074247957425842
4.26201952979519e-06,0.003073538235481321
4.274381630051619e-06,0.00307309920346534
4.288583045545848e-06,0.003072277882452829
4.301755022427958e-06,0.003071452693965719
4.314989446616435e-06,0.003070822697081173
4.334114779611914e-06,0.003070134506730519
4.35e-06,0.003069705831436393
4.35076670464695e-06,0.003060284994398819
4.3518884826228e-06,0.003041777226460742
4.353444241311399e-06,0.002987981166627483
4.355e-06,0.002930521284096151
4.355341392349038e-06,0.002897604197783835
4.355881214319472e-06,0.002851550698044671
4.356361838615499e-06,0.002816862092528632
4.357323087207554e-06,0.002758248416749725
4.358853283653659e-06,0.002693089944216001
4.360862242310807e-06,0.00265963186429096
4.363194556845051e-06,0.00265212330569653
4.365488326530722e-06,0.002672173841061568
4.368303152824764e-06,0.002739002042849126
4.372068209977439e-06,0.002873088033236482
4.376505284832046e-06,0.003037642767392446
4.383741842881136e-06,0.003153947074812724
4.389558310964214e-06,0.003027491593865801
4.394854816854832e-06,0.002823178549364198
4.397427408427416e-06,0.002745713439822871
4.4e-06,0.002701758683592554
4.400417155713439e-06,0.002697464670673576
4.401153564259371e-06,0.002692214682720632
4.401797911555048e-06,0.002688624410953371
4.403086606146401e-06,0.002683944190938755
4.404043303073201e-06,0.002683820244945389
4.405e-06,0.002684987178043964
4.405279131848423e-06,0.002683955233336054
4.405681344608409e-06,0.002683353083146073
4.406046307954599e-06,0.002683659471222144
4.406776234646977e-06,0.002685992599338057
4.408216623592674e-06,0.002694834580044745
4.409984095322152e-06,0.002709314005800708
4.412190506735112e-06,0.002726896128812373
4.414944830305346e-06,0.002739427911368917
4.418966886306607e-06,0.002729882897211892
4.423826532699143e-06,0.002689741201619778
4.428191500354382e-06,0.002657511633101128
4.432041098058447e-06,0.002644705408959662
4.437766512158365e-06,0.002642045957679898
4.443004807945738e-06,0.002640156902667147
4.447475623374539e-06,0.002642208734109583
4.451775321504427e-06,0.00264356662029806
4.460374717764203e-06,0.002644992924160748
4.468545367288154e-06,0.002644209078469851
4.479534974963021e-06,0.002641986634563077
4.492712364508331e-06,0.002639116553405177
4.510806921707353e-06,0.002635956143245061
4.536738497290094e-06,0.002632826789585537
4.570869248645047e-06,0.002630213596176984
4.605e-06,0.002628544385134178
4.6053125e-06,0.002627946498954047
4.605929172894854e-06,0.002627017789691001
4.607162518684564e-06,0.002629188069971494
4.608431888097724e-06,0.002636102594400011
4.61e-06,0.002645100886215701
4.610350206611597e-06,0.002644826407055619
4.610877785024932e-06,0.002645192295658771
4.611360778357223e-06,0.002645723881624973
4.612326765021805e-06,0.002646744655817347
4.613468761356689e-06,0.002647707531674644
4.615046247387075e-06,0.002648700288208839
4.61713529029458e-06,0.002649430547721798
4.620196348403095e-06,0.002649783798914571
4.624000191676408e-06,0.002649801130654989
4.62926564825844e-06,0.002649683355446919
4.637521076854198e-06,0.002649455032031858
4.646260538427098e-06,0.002649221946155971
4.654999999999999e-06,0.002649006360216878
4.655312499999999e-06,0.002646140308052816
4.655929172894854e-06,0.002659081097312661
4.657162518684563e-06,0.002975526726325602
4.658443693198292e-06,0.003842765269473769
4.659221846599146e-06,0.004544913589634079
4.659999999999999e-06,0.005234321754297852
4.660192927156251e-06,0.00515690078967427
4.660537162848468e-06,0.00502672370775247
4.660850190949697e-06,0.004915138528576234
4.661476247152155e-06,0.004705414609920718
4.662431484774201e-06,0.004412867611562731
4.66369511152825e-06,0.004074629438066423
4.665335301193198e-06,0.003720307605664844
4.667592701937802e-06,0.003374106650952109
4.670405348502182e-06,0.003136875757343397
4.672632720325821e-06,0.003060991637898051
4.675473396395369e-06,0.003021919927456011
4.678679612605953e-06,0.003032988407350987
4.681235014723431e-06,0.003065007065163527
4.684984241832823e-06,0.003121960536050922
4.689590803179773e-06,0.003174518093009289
4.695034972019889e-06,0.00317926404718328
4.70095008663427e-06,0.003136448369548282
4.702078054076904e-06,0.003127542273832711
4.704333988962173e-06,0.003110841533877609
4.707475639610865e-06,0.003094435270410454
4.710629475501035e-06,0.003084382241965558
4.716090397459085e-06,0.003073937308479517
4.72066500074972e-06,0.003072769006231013
4.725157089455067e-06,0.003073925746611523
4.731830683526396e-06,0.003076033865065579
4.73916293397256e-06,0.00307715881391051
4.748115967481647e-06,0.003077115072535992
4.759033729057893e-06,0.003076076629492874
4.774101712097405e-06,0.003074516390132464
4.787050856048702e-06,0.003073362776152599
4.8e-06,0.003072480102090982
4.800697933957694e-06,0.00307066479220451
4.801751587257617e-06,0.003067845680832999
4.803440527879792e-06,0.003060947584007255
4.805e-06,0.003053912077803868
4.80534387965658e-06,0.003048951626025084
4.805891464929208e-06,0.003041492949278916
4.806373529541532e-06,0.003035428467591614
4.80733765876618e-06,0.00302462003604985
4.809265917215476e-06,0.00301223864271777
4.811277863809638e-06,0.003008263161476744
4.814372577496799e-06,0.003011738957005514
4.816826272586233e-06,0.003023885732579866
4.821395216205252e-06,0.003060349091084035
4.825508381855885e-06,0.003094485858307585
4.832913224018909e-06,0.003122609192816889
4.838685398121356e-06,0.00310761288288578
4.840030498530324e-06,0.003102306016069099
4.842720699348262e-06,0.003092195232192646
4.845925365810046e-06,0.003082679630608651
4.852145803615093e-06,0.003072602309306038
4.857566902987409e-06,0.003068927881566817
4.864136359854035e-06,0.003069371856546818
4.869183745999025e-06,0.00307015550629138
4.876672326548469e-06,0.003071165262900051
4.884475938893903e-06,0.003071475295772654
4.895462763133538e-06,0.003071359030556157
4.908435744909636e-06,0.0030708680465873
4.926389332825468e-06,0.003070246921038276
4.95e-06,0.003069604621663182
4.95125e-06,0.003042946073011324
4.952803918322255e-06,0.003003030227504037
4.955e-06,0.002916892762194519
4.955374975967537e-06,0.002883189250067788
4.956008844595378e-06,0.002833451082202905
4.95659157113492e-06,0.002795472256144437
4.957757024214004e-06,0.002732999543089899
4.959394357284169e-06,0.002680544735670029
4.961600898961871e-06,0.002656778799992378
4.964412087428026e-06,0.002661340119602021
4.966839400621671e-06,0.002699305676675707
4.970377373570716e-06,0.002806273172521893
4.974231935279799e-06,0.002952624706127979
4.980349888036356e-06,0.003136452124322218
4.986269573646968e-06,0.003136424986918413
4.98785545661257e-06,0.003100792730682885
4.991027222543774e-06,0.002992473201071673
4.994549753991776e-06,0.002857125933895726
4.997274876995888e-06,0.002773830798929167
5e-06,0.00272696428166449
