/net1 X,/net1 Y,/w_out X,/w_out Y
2.3e-07,2.999871276648967,2.3e-07,0.006510396341130906
2.301e-07,2.999879441179805,2.301e-07,0.006552585121575043
2.302e-07,2.999887605710643,2.302e-07,0.00659477390201918
2.303e-07,2.999895770241481,2.303e-07,0.006636962682463316
2.304000000000001e-07,2.99990393477232,2.304000000000001e-07,0.006679151462907453
2.305000000000001e-07,2.999912099303158,2.305000000000001e-07,0.00672134024335159
2.306000000000001e-07,2.999920263833996,2.306000000000001e-07,0.006763529023795726
2.307000000000001e-07,2.999928428364834,2.307000000000001e-07,0.006805717804239862
2.308000000000001e-07,2.999936592895673,2.308000000000001e-07,0.006847906584683999
2.309000000000001e-07,2.999944757426511,2.309000000000001e-07,0.006890095365128136
2.310000000000001e-07,2.99995292195735,2.310000000000001e-07,0.006932284145572272
2.311000000000001e-07,2.999961086488188,2.311000000000001e-07,0.006974472926016409
2.312000000000001e-07,2.999969251019026,2.312000000000001e-07,0.007016661706460545
2.313000000000001e-07,2.999977415549864,2.313000000000001e-07,0.007058850486904682
2.314000000000001e-07,2.999985580080702,2.314000000000001e-07,0.007101039267348818
2.315000000000001e-07,2.999993744611541,2.315000000000001e-07,0.007143228047792955
2.316000000000001e-07,3.000001909142379,2.316000000000001e-07,0.007185416828237092
2.317000000000001e-07,3.00001188129538,2.317000000000001e-07,0.007260018566208031
2.318000000000002e-07,3.000026052635772,2.318000000000002e-07,0.007409917058872524
2.319000000000002e-07,3.000040223976165,2.319000000000002e-07,0.007559815551537018
2.320000000000002e-07,3.000054395316557,2.320000000000002e-07,0.007709714044201512
2.321000000000002e-07,3.00006856665695,2.321000000000002e-07,0.007859612536866005
2.322000000000002e-07,3.000082737997342,2.322000000000002e-07,0.0080095110295305
2.323000000000002e-07,3.000096909337734,2.323000000000002e-07,0.008159409522194993
2.324000000000002e-07,3.000111080678126,2.324000000000002e-07,0.008309308014859487
2.325000000000002e-07,3.000125252018519,2.325000000000002e-07,0.00845920650752398
2.326000000000002e-07,3.000139423358911,2.326000000000002e-07,0.008609105000188475
2.327000000000002e-07,3.000153594699304,2.327000000000002e-07,0.008759003492852968
2.328000000000002e-07,3.000167766039696,2.328000000000002e-07,0.008908901985517461
2.329000000000002e-07,3.000181937380089,2.329000000000002e-07,0.009058800478181955
2.330000000000002e-07,3.000196108720481,2.330000000000002e-07,0.00920869897084645
2.331000000000003e-07,3.000210280060873,2.331000000000003e-07,0.009358597463510943
2.332000000000003e-07,3.000224451401265,2.332000000000003e-07,0.009508495956175436
2.333000000000003e-07,3.000238622741658,2.333000000000003e-07,0.009658394448839929
2.334000000000003e-07,3.00025279408205,2.334000000000003e-07,0.009808292941504423
2.335000000000003e-07,3.000266965422443,2.335000000000003e-07,0.009958191434168918
2.336000000000003e-07,3.000281136762835,2.336000000000003e-07,0.01010808992683341
2.337000000000003e-07,3.000295308103227,2.337000000000003e-07,0.0102579884194979
2.338000000000003e-07,3.00030947944362,2.338000000000003e-07,0.0104078869121624
2.339000000000003e-07,3.000323650784012,2.339000000000003e-07,0.01055778540482689
2.340000000000003e-07,3.000346576145634,2.340000000000003e-07,0.0108515554814793
2.341000000000003e-07,3.000378070564958,2.341000000000003e-07,0.01128615728249258
2.342000000000003e-07,3.000409564984281,2.342000000000003e-07,0.01172075908350586
2.343000000000003e-07,3.000441059403606,2.343000000000003e-07,0.01215536088451914
2.344000000000004e-07,3.000472553822929,2.344000000000004e-07,0.01258996268553242
2.345000000000004e-07,3.000504048242253,2.345000000000004e-07,0.0130245644865457
2.346000000000004e-07,3.000535542661577,2.346000000000004e-07,0.01345916628755898
2.347000000000004e-07,3.0005670370809,2.347000000000004e-07,0.01389376808857226
2.348000000000004e-07,3.000598531500224,2.348000000000004e-07,0.01432836988958554
2.349000000000004e-07,3.000630025919548,2.349000000000004e-07,0.01476297169059882
2.350000000000004e-07,3.000661520338872,2.350000000000004e-07,0.0151975734916121
2.351000000000004e-07,3.000693014758195,2.351000000000004e-07,0.01563217529262538
2.352000000000004e-07,3.000724509177519,2.352000000000004e-07,0.01606677709363866
2.353000000000004e-07,3.000756003596843,2.353000000000004e-07,0.01650137889465194
2.354000000000004e-07,3.000787498016166,2.354000000000004e-07,0.01693598069566522
2.355000000000004e-07,3.00081899243549,2.355000000000004e-07,0.0173705824966785
2.356000000000004e-07,3.000850486854814,2.356000000000004e-07,0.01780518429769178
2.357000000000004e-07,3.000881981274138,2.357000000000004e-07,0.01823978609870506
2.358000000000005e-07,3.000913475693462,2.358000000000005e-07,0.01867438789971834
2.359000000000005e-07,3.000944970112785,2.359000000000005e-07,0.01910898970073162
2.360000000000005e-07,3.000976464532109,2.360000000000005e-07,0.0195435915017449
2.361000000000005e-07,3.001007958951433,2.361000000000005e-07,0.01997819330275818
2.362000000000005e-07,3.001039453370757,2.362000000000005e-07,0.02041279510377146
2.363000000000005e-07,3.00107094779008,2.363000000000005e-07,0.02084739690478474
2.364000000000005e-07,3.001102442209404,2.364000000000005e-07,0.02128199870579802
2.365000000000005e-07,3.001133936628728,2.365000000000005e-07,0.0217166005068113
2.366000000000005e-07,3.001165431048051,2.366000000000005e-07,0.02215120230782458
2.367000000000005e-07,3.001196925467375,2.367000000000005e-07,0.02258580410883786
2.368000000000005e-07,3.001255054103372,2.368000000000005e-07,0.02351632566946654
2.369000000000005e-07,3.001321604034631,2.369000000000005e-07,0.02460364879002899
2.370000000000005e-07,3.00138815396589,2.370000000000005e-07,0.02569097191059145
2.371000000000006e-07,3.001454703897148,2.371000000000006e-07,0.0267782950311539
2.372000000000006e-07,3.001521253828407,2.372000000000006e-07,0.02786561815171635
2.373000000000006e-07,3.001587803759666,2.373000000000006e-07,0.02895294127227881
2.374000000000006e-07,3.001654353690925,2.374000000000006e-07,0.03004026439284126
2.375000000000006e-07,3.001720903622183,2.375000000000006e-07,0.03112758751340371
2.376000000000006e-07,3.001787453553442,2.376000000000006e-07,0.03221491063396616
2.377000000000006e-07,3.001854003484701,2.377000000000006e-07,0.03330223375452862
2.378000000000006e-07,3.00192055341596,2.378000000000006e-07,0.03438955687509107
2.379000000000006e-07,3.001987103347219,2.379000000000006e-07,0.03547687999565353
2.380000000000006e-07,3.002053653278477,2.380000000000006e-07,0.03656420311621598
2.381000000000006e-07,3.002120203209736,2.381000000000006e-07,0.03765152623677843
2.382000000000006e-07,3.002186753140995,2.382000000000006e-07,0.03873884935734088
2.383000000000006e-07,3.002253303072254,2.383000000000006e-07,0.03982617247790333
2.384000000000007e-07,3.002319853003512,2.384000000000007e-07,0.04091349559846578
2.385000000000007e-07,3.002386402934771,2.385000000000007e-07,0.04200081871902825
2.386000000000007e-07,3.00245295286603,2.386000000000007e-07,0.0430881418395907
2.387000000000007e-07,3.002519502797289,2.387000000000007e-07,0.04417546496015315
2.388000000000007e-07,3.002586052728547,2.388000000000007e-07,0.0452627880807156
2.389000000000007e-07,3.002652602659806,2.389000000000007e-07,0.04635011120127806
2.390000000000007e-07,3.002719152591065,2.390000000000007e-07,0.04743743432184051
2.391000000000007e-07,3.002785702522324,2.391000000000007e-07,0.04852475744240296
2.392000000000007e-07,3.002852252453583,2.392000000000007e-07,0.04961208056296541
2.393000000000007e-07,3.002918802384841,2.393000000000007e-07,0.05069940368352786
2.394000000000007e-07,3.0029853523161,2.394000000000007e-07,0.05178672680409033
2.395000000000007e-07,3.003051902247359,2.395000000000007e-07,0.05287404992465278
2.396000000000007e-07,3.003118452178618,2.396000000000007e-07,0.05396137304521523
2.397000000000008e-07,3.003185002109876,2.397000000000008e-07,0.05504869616577768
2.398000000000008e-07,3.003251552041135,2.398000000000008e-07,0.05613601928634014
2.399000000000008e-07,3.00335938102245,2.399000000000008e-07,0.05800064981842391
2.400000000000008e-07,3.003513854278978,2.400000000000008e-07,0.06074361792803203
2.401000000000008e-07,3.003668327535506,2.401000000000008e-07,0.06348658603764017
2.402000000000008e-07,3.003822800792035,2.402000000000008e-07,0.06622955414724829
2.403000000000008e-07,3.003977274048563,2.403000000000008e-07,0.06897252225685642
2.404000000000008e-07,3.004131747305092,2.404000000000008e-07,0.07171549036646455
2.405000000000008e-07,3.00428622056162,2.405000000000008e-07,0.07445845847607267
2.406000000000008e-07,3.004440693818148,2.406000000000008e-07,0.0772014265856808
2.407000000000008e-07,3.004595167074677,2.407000000000008e-07,0.07994439469528894
2.408000000000008e-07,3.004749640331205,2.408000000000008e-07,0.08268736280489705
2.409000000000008e-07,3.004904113587734,2.409000000000008e-07,0.08543033091450519
2.410000000000008e-07,3.005058586844262,2.410000000000008e-07,0.08817329902411332
2.411000000000009e-07,3.00521306010079,2.411000000000009e-07,0.09091626713372145
2.412000000000009e-07,3.005367533357319,2.412000000000009e-07,0.09365923524332959
2.413000000000009e-07,3.005522006613847,2.413000000000009e-07,0.0964022033529377
2.414000000000009e-07,3.005676479870376,2.414000000000009e-07,0.09914517146254584
2.415000000000009e-07,3.005830953126904,2.415000000000009e-07,0.101888139572154
2.416000000000009e-07,3.005985426383432,2.416000000000009e-07,0.1046311076817621
2.417000000000009e-07,3.006139899639961,2.417000000000009e-07,0.1073740757913702
2.418000000000009e-07,3.006294372896489,2.418000000000009e-07,0.1101170439009783
2.419000000000009e-07,3.006448846153018,2.419000000000009e-07,0.1128600120105865
2.420000000000009e-07,3.006603319409546,2.420000000000009e-07,0.1156029801201946
2.421000000000009e-07,3.006757792666074,2.421000000000009e-07,0.1183459482298027
2.422000000000009e-07,3.006912265922603,2.422000000000009e-07,0.1210889163394109
2.423000000000009e-07,3.007066739179131,2.423000000000009e-07,0.123831884449019
2.42400000000001e-07,3.007221212435659,2.42400000000001e-07,0.1265748525586271
2.42500000000001e-07,3.007375685692188,2.42500000000001e-07,0.1293178206682352
2.42600000000001e-07,3.007530158948716,2.42600000000001e-07,0.1320607887778434
2.42700000000001e-07,3.007684632205244,2.42700000000001e-07,0.1348037568874515
2.42800000000001e-07,3.007839105461773,2.42800000000001e-07,0.1375467249970596
2.42900000000001e-07,3.007993578718301,2.42900000000001e-07,0.1402896931066678
2.43000000000001e-07,3.00814805197483,2.43000000000001e-07,0.1430326612162759
2.43100000000001e-07,3.008302525231358,2.43100000000001e-07,0.145775629325884
2.43200000000001e-07,3.008456998487886,2.43200000000001e-07,0.1485185974354921
2.43300000000001e-07,3.008611471744415,2.43300000000001e-07,0.1512615655451003
2.43400000000001e-07,3.00882536679516,2.43400000000001e-07,0.1564233196686347
2.43500000000001e-07,3.009077231798328,2.43500000000001e-07,0.1631306546868289
2.43600000000001e-07,3.009329096801496,2.43600000000001e-07,0.1698379897050231
2.437000000000011e-07,3.009580961804663,2.437000000000011e-07,0.1765453247232173
2.438000000000011e-07,3.009832826807831,2.438000000000011e-07,0.1832526597414115
2.439000000000011e-07,3.010084691810999,2.439000000000011e-07,0.1899599947596057
2.440000000000011e-07,3.010336556814166,2.440000000000011e-07,0.1966673297778
2.441000000000011e-07,3.010588421817334,2.441000000000011e-07,0.2033746647959942
2.442000000000011e-07,3.010840286820502,2.442000000000011e-07,0.2100819998141884
2.443000000000011e-07,3.011092151823669,2.443000000000011e-07,0.2167893348323826
2.444000000000011e-07,3.011344016826837,2.444000000000011e-07,0.2234966698505768
2.445000000000011e-07,3.011595881830005,2.445000000000011e-07,0.230204004868771
2.446000000000011e-07,3.011847746833173,2.446000000000011e-07,0.2369113398869652
2.447000000000011e-07,3.01209961183634,2.447000000000011e-07,0.2436186749051594
2.448000000000011e-07,3.012351476839508,2.448000000000011e-07,0.2503260099233536
2.449000000000011e-07,3.012603341842675,2.449000000000011e-07,0.2570333449415478
2.450000000000011e-07,3.012855206845843,2.450000000000011e-07,0.263740679959742
2.451000000000012e-07,3.013107071849011,2.451000000000012e-07,0.2704480149779363
2.452000000000012e-07,3.013358936852179,2.452000000000012e-07,0.2771553499961305
2.453000000000012e-07,3.013610801855346,2.453000000000012e-07,0.2838626850143247
2.454000000000012e-07,3.013862666858514,2.454000000000012e-07,0.2905700200325189
2.455000000000012e-07,3.014114531861682,2.455000000000012e-07,0.2972773550507131
2.456000000000012e-07,3.014366396864849,2.456000000000012e-07,0.3039846900689073
2.457000000000012e-07,3.014618261868017,2.457000000000012e-07,0.3106920250871015
2.458000000000012e-07,3.014870126871185,2.458000000000012e-07,0.3173993601052957
2.459000000000012e-07,3.015121991874353,2.459000000000012e-07,0.32410669512349
2.460000000000012e-07,3.01537385687752,2.460000000000012e-07,0.3308140301416842
2.461000000000012e-07,3.015625721880688,2.461000000000012e-07,0.3375213651598784
2.462000000000012e-07,3.015877586883855,2.462000000000012e-07,0.3442287001780726
2.463000000000012e-07,3.016129451887023,2.463000000000012e-07,0.3509360351962668
2.464000000000013e-07,3.016381316890191,2.464000000000013e-07,0.357643370214461
2.465000000000013e-07,3.016633181893359,2.465000000000013e-07,0.3643507052326552
2.466000000000013e-07,3.016885046896526,2.466000000000013e-07,0.3710580402508494
2.467000000000013e-07,3.017136911899694,2.467000000000013e-07,0.3777653752690436
2.468000000000013e-07,3.017388776902862,2.468000000000013e-07,0.3844727102872378
2.469000000000013e-07,3.017640641906029,2.469000000000013e-07,0.391180045305432
2.470000000000013e-07,3.017892506909197,2.470000000000013e-07,0.3978873803236262
2.471000000000013e-07,3.018144371912365,2.471000000000013e-07,0.4045947153418206
2.472000000000013e-07,3.018396236915532,2.472000000000013e-07,0.4113020503600148
2.473000000000013e-07,3.0186481019187,2.473000000000013e-07,0.418009385378209
2.474000000000013e-07,3.018899966921868,2.474000000000013e-07,0.4247167203964032
2.475000000000013e-07,3.019151831925035,2.475000000000013e-07,0.4314240554145974
2.476000000000013e-07,3.019403696928203,2.476000000000013e-07,0.4381313904327916
2.477000000000014e-07,3.019250326959066,2.477000000000014e-07,0.4458293409593708
2.478000000000014e-07,3.018578658329867,2.478000000000014e-07,0.4547942963737829
2.479000000000014e-07,3.017906989700669,2.479000000000014e-07,0.463759251788195
2.480000000000014e-07,3.01723532107147,2.480000000000014e-07,0.4727242072026072
2.481000000000014e-07,3.016563652442271,2.481000000000014e-07,0.4816891626170193
2.482000000000014e-07,3.015891983813073,2.482000000000014e-07,0.4906541180314314
2.483000000000014e-07,3.015220315183874,2.483000000000014e-07,0.4996190734458435
2.484000000000014e-07,3.014548646554676,2.484000000000014e-07,0.5085840288602557
2.485000000000014e-07,3.013876977925477,2.485000000000014e-07,0.5175489842746678
2.486000000000014e-07,3.013205309296279,2.486000000000014e-07,0.5265139396890799
2.487000000000014e-07,3.01253364066708,2.487000000000014e-07,0.535478895103492
2.488000000000014e-07,3.011861972037881,2.488000000000014e-07,0.5444438505179041
2.489000000000014e-07,3.011190303408683,2.489000000000014e-07,0.5534088059323161
2.490000000000014e-07,3.010518634779484,2.490000000000014e-07,0.5623737613467283
2.491000000000015e-07,3.009846966150286,2.491000000000015e-07,0.5713387167611405
2.492000000000015e-07,3.009175297521087,2.492000000000015e-07,0.5803036721755526
2.493000000000015e-07,3.008503628891889,2.493000000000015e-07,0.5892686275899646
2.494000000000015e-07,3.00783196026269,2.494000000000015e-07,0.5982335830043768
2.495000000000015e-07,3.007160291633492,2.495000000000015e-07,0.6071985384187888
2.496000000000015e-07,3.006488623004293,2.496000000000015e-07,0.616163493833201
2.497000000000015e-07,3.005816954375095,2.497000000000015e-07,0.6251284492476131
2.498000000000015e-07,3.005145285745896,2.498000000000015e-07,0.6340934046620252
2.499000000000015e-07,3.004473617116698,2.499000000000015e-07,0.6430583600764372
2.500000000000015e-07,3.003801948487499,2.500000000000015e-07,0.6520233154908495
2.501000000000015e-07,3.003130279858301,2.501000000000015e-07,0.6609882709052615
2.502000000000015e-07,3.002458611229102,2.502000000000015e-07,0.6699532263196737
2.503000000000015e-07,3.001786942599904,2.503000000000015e-07,0.6789181817340857
2.504000000000016e-07,3.001115273970705,2.504000000000016e-07,0.6878831371484979
2.505000000000016e-07,3.000443605341506,2.505000000000016e-07,0.6968480925629099
2.506000000000016e-07,2.999771936712308,2.506000000000016e-07,0.7058130479773221
2.507000000000016e-07,2.999100268083109,2.507000000000016e-07,0.7147780033917341
2.508000000000016e-07,2.998428599453911,2.508000000000016e-07,0.7237429588061464
2.509000000000016e-07,2.997756930824712,2.509000000000016e-07,0.7327079142205584
2.510000000000016e-07,2.997085262195514,2.510000000000016e-07,0.7416728696349706
2.511000000000016e-07,2.996413593566315,2.511000000000016e-07,0.7506378250493826
2.512000000000016e-07,2.995741924937116,2.512000000000016e-07,0.7596027804637948
2.513000000000016e-07,2.995070256307918,2.513000000000016e-07,0.7685677358782068
2.514000000000016e-07,2.994398587678719,2.514000000000016e-07,0.777532691292619
2.515000000000016e-07,2.993726919049521,2.515000000000016e-07,0.786497646707031
2.516000000000016e-07,2.992994661173839,2.516000000000016e-07,0.7954564666598007
2.517000000000017e-07,2.991126679137715,2.517000000000017e-07,0.804300279537434
2.518000000000017e-07,2.989258697101591,2.518000000000017e-07,0.8131440924150672
2.519000000000017e-07,2.987390715065466,2.519000000000017e-07,0.8219879052927005
2.520000000000017e-07,2.985522733029342,2.520000000000017e-07,0.8308317181703337
2.521000000000017e-07,2.983654750993218,2.521000000000017e-07,0.839675531047967
2.522000000000017e-07,2.981786768957094,2.522000000000017e-07,0.8485193439256002
2.523000000000017e-07,2.97991878692097,2.523000000000017e-07,0.8573631568032335
2.524000000000017e-07,2.978050804884846,2.524000000000017e-07,0.8662069696808667
2.525000000000017e-07,2.976182822848721,2.525000000000017e-07,0.8750507825585
2.526000000000017e-07,2.973788124925638,2.526000000000017e-07,0.8838718056522639
2.527000000000017e-07,2.970908555713022,2.527000000000017e-07,0.892671849481558
2.528000000000017e-07,2.968028986500407,2.528000000000017e-07,0.9014718933108521
2.529000000000017e-07,2.965149417287791,2.529000000000017e-07,0.9102719371401462
2.530000000000017e-07,2.962269848075175,2.530000000000017e-07,0.9190719809694403
2.531000000000018e-07,2.95939027886256,2.531000000000018e-07,0.9278720247987344
2.532000000000018e-07,2.956510709649944,2.532000000000018e-07,0.9366720686280287
2.533000000000018e-07,2.953631140437329,2.533000000000018e-07,0.9454721124573228
2.534000000000018e-07,2.950751571224713,2.534000000000018e-07,0.9542721562866169
2.535000000000018e-07,2.947872002012097,2.535000000000018e-07,0.963072200115911
2.536000000000018e-07,2.944992432799482,2.536000000000018e-07,0.9718722439452052
2.537000000000018e-07,2.942112863586866,2.537000000000018e-07,0.9806722877744993
2.538000000000018e-07,2.939233294374251,2.538000000000018e-07,0.9894723316037934
2.539000000000018e-07,2.936353725161635,2.539000000000018e-07,0.9982723754330876
2.540000000000018e-07,2.933474155949019,2.540000000000018e-07,1.007072419262382
2.541000000000018e-07,2.930594586736404,2.541000000000018e-07,1.015872463091676
2.542000000000018e-07,2.927715017523788,2.542000000000018e-07,1.02467250692097
2.543000000000018e-07,2.924835448311172,2.543000000000018e-07,1.033472550750264
2.544000000000019e-07,2.921955879098557,2.544000000000019e-07,1.042272594579558
2.545000000000019e-07,2.918654748034168,2.545000000000019e-07,1.0508882577792
2.546000000000019e-07,2.914860241046486,2.546000000000019e-07,1.059288130667149
2.547000000000019e-07,2.911065734058804,2.547000000000019e-07,1.067688003555098
2.548000000000019e-07,2.907271227071122,2.548000000000019e-07,1.076087876443047
2.549000000000019e-07,2.90347672008344,2.549000000000019e-07,1.084487749330997
2.550000000000019e-07,2.899682213095758,2.550000000000019e-07,1.092887622218946
2.551000000000019e-07,2.895887706108076,2.551000000000019e-07,1.101287495106895
2.552000000000019e-07,2.891870844290152,2.552000000000019e-07,1.109515078379325
2.553000000000019e-07,2.887736952242692,2.553000000000019e-07,1.117651981844039
2.554000000000019e-07,2.883603060195231,2.554000000000019e-07,1.125788885308754
2.555000000000019e-07,2.879469168147771,2.555000000000019e-07,1.133925788773469
2.556000000000019e-07,2.87533527610031,2.556000000000019e-07,1.142062692238183
2.55700000000002e-07,2.87120138405285,2.55700000000002e-07,1.150199595702898
2.55800000000002e-07,2.86706749200539,2.55800000000002e-07,1.158336499167612
2.55900000000002e-07,2.86293359995793,2.55900000000002e-07,1.166473402632327
2.56000000000002e-07,2.858799707910469,2.56000000000002e-07,1.174610306097042
2.56100000000002e-07,2.854665815863009,2.56100000000002e-07,1.182747209561756
2.56200000000002e-07,2.850531923815549,2.56200000000002e-07,1.190884113026471
2.56300000000002e-07,2.846398031768088,2.56300000000002e-07,1.199021016491185
2.56400000000002e-07,2.842264139720628,2.56400000000002e-07,1.2071579199559
2.56500000000002e-07,2.83810393968529,2.56500000000002e-07,1.215275741321082
2.56600000000002e-07,2.833372138282118,2.56600000000002e-07,1.222978960313595
2.56700000000002e-07,2.828640336878946,2.56700000000002e-07,1.230682179306109
2.56800000000002e-07,2.823908535475773,2.56800000000002e-07,1.238385398298623
2.56900000000002e-07,2.819176734072601,2.56900000000002e-07,1.246088617291136
2.57000000000002e-07,2.814444932669428,2.57000000000002e-07,1.25379183628365
2.571000000000021e-07,2.809713131266256,2.571000000000021e-07,1.261495055276164
2.572000000000021e-07,2.804981329863084,2.572000000000021e-07,1.269198274268677
2.573000000000021e-07,2.800249528459911,2.573000000000021e-07,1.276901493261191
2.574000000000021e-07,2.795517727056739,2.574000000000021e-07,1.284604712253705
2.575000000000021e-07,2.790785925653566,2.575000000000021e-07,1.292307931246218
2.576000000000021e-07,2.786054124250394,2.576000000000021e-07,1.300011150238732
2.577000000000021e-07,2.781322322847221,2.577000000000021e-07,1.307714369231245
2.578000000000021e-07,2.776590521444049,2.578000000000021e-07,1.315417588223759
2.579000000000021e-07,2.771858720040877,2.579000000000021e-07,1.323120807216273
2.580000000000021e-07,2.766907595009934,2.580000000000021e-07,1.330662279486804
2.581000000000021e-07,2.761197267961104,2.581000000000021e-07,1.337643855685199
2.582000000000021e-07,2.755486940912274,2.582000000000021e-07,1.344625431883593
2.583000000000021e-07,2.749776613863444,2.583000000000021e-07,1.351607008081988
2.584000000000022e-07,2.744066286814614,2.584000000000022e-07,1.358588584280383
2.585000000000022e-07,2.738355959765785,2.585000000000022e-07,1.365570160478777
2.586000000000022e-07,2.732645632716955,2.586000000000022e-07,1.372551736677172
2.587000000000022e-07,2.726935305668126,2.587000000000022e-07,1.379533312875567
2.588000000000022e-07,2.721224978619296,2.588000000000022e-07,1.386514889073961
2.589000000000022e-07,2.715514651570466,2.589000000000022e-07,1.393496465272356
2.590000000000022e-07,2.709804324521636,2.590000000000022e-07,1.400478041470751
2.591000000000022e-07,2.704093997472806,2.591000000000022e-07,1.407459617669145
2.592000000000022e-07,2.698383670423977,2.592000000000022e-07,1.41444119386754
2.593000000000022e-07,2.692673343375147,2.593000000000022e-07,1.421422770065935
2.594000000000022e-07,2.686963016326318,2.594000000000022e-07,1.428404346264329
2.595000000000022e-07,2.681252689277488,2.595000000000022e-07,1.435385922462724
2.596000000000022e-07,2.675542362228658,2.596000000000022e-07,1.442367498661119
2.597000000000023e-07,2.669832035179828,2.597000000000023e-07,1.449349074859513
2.598000000000023e-07,2.664121708130998,2.598000000000023e-07,1.456330651057908
2.599000000000023e-07,2.658411381082169,2.599000000000023e-07,1.463312227256303
2.600000000000023e-07,2.652701054033339,2.600000000000023e-07,1.470293803454698
2.601000000000023e-07,2.646179009575573,2.601000000000023e-07,1.476653771354604
2.602000000000023e-07,2.639254527947832,2.602000000000023e-07,1.482705555295756
2.603000000000023e-07,2.632330046320091,2.603000000000023e-07,1.488757339236907
2.604000000000023e-07,2.62540556469235,2.604000000000023e-07,1.494809123178059
2.605000000000023e-07,2.618481083064609,2.605000000000023e-07,1.50086090711921
2.606000000000023e-07,2.611556601436867,2.606000000000023e-07,1.506912691060362
2.607000000000023e-07,2.604632119809126,2.607000000000023e-07,1.512964475001513
2.608000000000023e-07,2.597707638181385,2.608000000000023e-07,1.519016258942665
2.609000000000023e-07,2.590783156553644,2.609000000000023e-07,1.525068042883817
2.610000000000024e-07,2.583858674925903,2.610000000000024e-07,1.531119826824968
2.611000000000024e-07,2.576934193298162,2.611000000000024e-07,1.53717161076612
2.612000000000024e-07,2.570009711670421,2.612000000000024e-07,1.543223394707271
2.613000000000024e-07,2.563085230042679,2.613000000000024e-07,1.549275178648423
2.614000000000024e-07,2.556160748414938,2.614000000000024e-07,1.555326962589574
2.615000000000024e-07,2.549236266787197,2.615000000000024e-07,1.561378746530726
2.616000000000024e-07,2.542311785159456,2.616000000000024e-07,1.567430530471877
2.617000000000024e-07,2.535387303531714,2.617000000000024e-07,1.573482314413029
2.618000000000024e-07,2.528462821903974,2.618000000000024e-07,1.57953409835418
2.619000000000024e-07,2.521538340276233,2.619000000000024e-07,1.585585882295332
2.620000000000024e-07,2.514613858648491,2.620000000000024e-07,1.591637666236483
2.621000000000024e-07,2.50768937702075,2.621000000000024e-07,1.597689450177635
2.622000000000024e-07,2.500123533810674,2.622000000000024e-07,1.603298431125793
2.623000000000024e-07,2.4918117175118,2.623000000000024e-07,1.608392384162224
2.624000000000025e-07,2.483499901212926,2.624000000000025e-07,1.613486337198656
2.625000000000025e-07,2.475188084914052,2.625000000000025e-07,1.618580290235087
2.626000000000025e-07,2.466876268615179,2.626000000000025e-07,1.623674243271518
2.627000000000025e-07,2.458564452316304,2.627000000000025e-07,1.62876819630795
2.628000000000025e-07,2.450252636017431,2.628000000000025e-07,1.633862149344381
2.629000000000025e-07,2.441940819718557,2.629000000000025e-07,1.638956102380812
2.630000000000025e-07,2.433629003419683,2.630000000000025e-07,1.644050055417243
2.631000000000025e-07,2.425317187120809,2.631000000000025e-07,1.649144008453675
2.632000000000025e-07,2.417005370821935,2.632000000000025e-07,1.654237961490106
2.633000000000025e-07,2.408693554523061,2.633000000000025e-07,1.659331914526537
2.634000000000025e-07,2.400381738224187,2.634000000000025e-07,1.664425867562969
2.635000000000025e-07,2.392069921925314,2.635000000000025e-07,1.6695198205994
2.636000000000025e-07,2.38375810562644,2.636000000000025e-07,1.674613773635831
2.637000000000026e-07,2.375446289327566,2.637000000000026e-07,1.679707726672262
2.638000000000026e-07,2.367134473028692,2.638000000000026e-07,1.684801679708694
2.639000000000026e-07,2.358822656729818,2.639000000000026e-07,1.689895632745125
2.640000000000026e-07,2.350510840430944,2.640000000000026e-07,1.694989585781556
2.641000000000026e-07,2.34219902413207,2.641000000000026e-07,1.700083538817988
2.642000000000026e-07,2.333887207833197,2.642000000000026e-07,1.705177491854419
2.643000000000026e-07,2.325575391534323,2.643000000000026e-07,1.71027144489085
2.644000000000026e-07,2.317263575235449,2.644000000000026e-07,1.715365397927282
2.645000000000026e-07,2.308951758936575,2.645000000000026e-07,1.720459350963713
2.646000000000026e-07,2.299635300295582,2.646000000000026e-07,1.724998533840753
2.647000000000026e-07,2.289741987096856,2.647000000000026e-07,1.72921917380802
2.648000000000026e-07,2.27984867389813,2.648000000000026e-07,1.733439813775288
2.649000000000026e-07,2.269955360699404,2.649000000000026e-07,1.737660453742556
2.650000000000027e-07,2.260062047500678,2.650000000000027e-07,1.741881093709823
2.651000000000027e-07,2.250168734301951,2.651000000000027e-07,1.746101733677091
2.652000000000027e-07,2.240275421103225,2.652000000000027e-07,1.750322373644359
2.653000000000027e-07,2.230382107904499,2.653000000000027e-07,1.754543013611626
2.654000000000027e-07,2.220488794705773,2.654000000000027e-07,1.758763653578894
2.655000000000027e-07,2.210595481507047,2.655000000000027e-07,1.762984293546162
2.656000000000027e-07,2.200702168308321,2.656000000000027e-07,1.76720493351343
2.657000000000027e-07,2.190808855109595,2.657000000000027e-07,1.771425573480697
2.658000000000027e-07,2.180915541910869,2.658000000000027e-07,1.775646213447965
2.659000000000027e-07,2.171022228712143,2.659000000000027e-07,1.779866853415233
2.660000000000027e-07,2.161128915513417,2.660000000000027e-07,1.7840874933825
2.661000000000027e-07,2.151235602314691,2.661000000000027e-07,1.788308133349768
2.662000000000027e-07,2.141342289115965,2.662000000000027e-07,1.792528773317036
2.663000000000027e-07,2.131448975917239,2.663000000000027e-07,1.796749413284304
2.664000000000028e-07,2.121555662718513,2.664000000000028e-07,1.800970053251571
2.665000000000028e-07,2.111662349519787,2.665000000000028e-07,1.805190693218839
2.666000000000028e-07,2.101769036321061,2.666000000000028e-07,1.809411333186107
2.667000000000028e-07,2.091875723122334,2.667000000000028e-07,1.813631973153374
2.668000000000028e-07,2.081982409923608,2.668000000000028e-07,1.817852613120642
2.669000000000028e-07,2.072089096724882,2.669000000000028e-07,1.82207325308791
2.670000000000028e-07,2.062195783526156,2.670000000000028e-07,1.826293893055178
2.671000000000028e-07,2.05230247032743,2.671000000000028e-07,1.830514533022445
2.672000000000028e-07,2.042409157128704,2.672000000000028e-07,1.834735172989713
2.673000000000028e-07,2.032515843929978,2.673000000000028e-07,1.838955812956981
2.674000000000028e-07,2.022622530731252,2.674000000000028e-07,1.843176452924248
2.675000000000028e-07,2.012729217532526,2.675000000000028e-07,1.847397092891516
2.676000000000028e-07,2.0028359043338,2.676000000000028e-07,1.851617732858784
2.677000000000029e-07,1.992942591135074,2.677000000000029e-07,1.855838372826051
2.678000000000029e-07,1.982859032479491,2.678000000000029e-07,1.859960523078925
2.679000000000029e-07,1.971451899229904,2.679000000000029e-07,1.86339746125948
2.680000000000029e-07,1.960044765980318,2.680000000000029e-07,1.866834399440035
2.681000000000029e-07,1.948637632730731,2.681000000000029e-07,1.87027133762059
2.682000000000029e-07,1.937230499481144,2.682000000000029e-07,1.873708275801145
2.683000000000029e-07,1.925823366231558,2.683000000000029e-07,1.8771452139817
2.684000000000029e-07,1.914416232981971,2.684000000000029e-07,1.880582152162255
2.685000000000029e-07,1.903009099732384,2.685000000000029e-07,1.88401909034281
2.686000000000029e-07,1.891601966482797,2.686000000000029e-07,1.887456028523365
2.687000000000029e-07,1.880194833233211,2.687000000000029e-07,1.89089296670392
2.688000000000029e-07,1.868787699983624,2.688000000000029e-07,1.894329904884475
2.689000000000029e-07,1.857380566734038,2.689000000000029e-07,1.89776684306503
2.69000000000003e-07,1.845973433484451,2.69000000000003e-07,1.901203781245585
2.69100000000003e-07,1.834566300234864,2.69100000000003e-07,1.90464071942614
2.69200000000003e-07,1.823159166985278,2.69200000000003e-07,1.908077657606694
2.69300000000003e-07,1.811752033735691,2.69300000000003e-07,1.911514595787249
2.69400000000003e-07,1.800344900486104,2.69400000000003e-07,1.914951533967804
2.69500000000003e-07,1.788937767236517,2.69500000000003e-07,1.918388472148359
2.69600000000003e-07,1.777530633986931,2.69600000000003e-07,1.921825410328914
2.69700000000003e-07,1.766123500737344,2.69700000000003e-07,1.925262348509469
2.69800000000003e-07,1.754716367487758,2.69800000000003e-07,1.928699286690024
2.69900000000003e-07,1.743309234238171,2.69900000000003e-07,1.932136224870579
2.70000000000003e-07,1.731902100988584,2.70000000000003e-07,1.935573163051134
2.70100000000003e-07,1.720494967738997,2.70100000000003e-07,1.939010101231689
2.70200000000003e-07,1.709087834489411,2.70200000000003e-07,1.942447039412244
2.70300000000003e-07,1.697680701239824,2.70300000000003e-07,1.945883977592799
2.704000000000031e-07,1.686273567990237,2.704000000000031e-07,1.949320915773354
2.705000000000031e-07,1.674866434740651,2.705000000000031e-07,1.952757853953909
2.706000000000031e-07,1.663459301491064,2.706000000000031e-07,1.956194792134464
2.707000000000031e-07,1.652052168241477,2.707000000000031e-07,1.959631730315019
2.708000000000031e-07,1.640361436427586,2.708000000000031e-07,1.962741457795005
2.709000000000031e-07,1.628459884177651,2.709000000000031e-07,1.965607944612821
2.710000000000031e-07,1.616558331927716,2.710000000000031e-07,1.968474431430638
2.711000000000031e-07,1.604656779677781,2.711000000000031e-07,1.971340918248455
2.712000000000031e-07,1.592755227427847,2.712000000000031e-07,1.974207405066272
2.713000000000031e-07,1.580853675177912,2.713000000000031e-07,1.977073891884089
2.714000000000031e-07,1.568952122927977,2.714000000000031e-07,1.979940378701906
2.715000000000031e-07,1.557050570678043,2.715000000000031e-07,1.982806865519723
2.716000000000031e-07,1.545149018428108,2.716000000000031e-07,1.985673352337539
2.717000000000032e-07,1.533247466178173,2.717000000000032e-07,1.988539839155356
2.718000000000032e-07,1.521345913928238,2.718000000000032e-07,1.991406325973173
2.719000000000032e-07,1.509444361678304,2.719000000000032e-07,1.99427281279099
2.720000000000032e-07,1.497542809428369,2.720000000000032e-07,1.997139299608807
2.721000000000032e-07,1.485641257178434,2.721000000000032e-07,2.000005786426624
2.722000000000032e-07,1.473739704928499,2.722000000000032e-07,2.00287227324444
2.723000000000032e-07,1.461838152678565,2.723000000000032e-07,2.005738760062257
2.724000000000032e-07,1.44993660042863,2.724000000000032e-07,2.008605246880074
2.725000000000032e-07,1.438035048178695,2.725000000000032e-07,2.011471733697891
2.726000000000032e-07,1.426133495928761,2.726000000000032e-07,2.014338220515708
2.727000000000032e-07,1.414231943678826,2.727000000000032e-07,2.017204707333525
2.728000000000032e-07,1.402330391428891,2.728000000000032e-07,2.020071194151341
2.729000000000032e-07,1.390428839178957,2.729000000000032e-07,2.022937680969159
2.730000000000033e-07,1.378527286929022,2.730000000000033e-07,2.025804167786975
2.731000000000033e-07,1.366625734679087,2.731000000000033e-07,2.028670654604792
2.732000000000033e-07,1.354724182429152,2.732000000000033e-07,2.031537141422609
2.733000000000033e-07,1.342822630179218,2.733000000000033e-07,2.034403628240426
2.734000000000033e-07,1.330921077929283,2.734000000000033e-07,2.037270115058243
2.735000000000033e-07,1.319019525679348,2.735000000000033e-07,2.04013660187606
2.736000000000033e-07,1.307117973429414,2.736000000000033e-07,2.043003088693876
2.737000000000033e-07,1.295216421179479,2.737000000000033e-07,2.045869575511693
2.738000000000033e-07,1.283314868929544,2.738000000000033e-07,2.04873606232951
2.739000000000033e-07,1.271413316679609,2.739000000000033e-07,2.051602549147327
2.740000000000033e-07,1.259511764429675,2.740000000000033e-07,2.054469035965144
2.741000000000033e-07,1.24761021217974,2.741000000000033e-07,2.057335522782961
2.742000000000033e-07,1.235708659929805,2.742000000000033e-07,2.060202009600777
2.743000000000033e-07,1.223807107679871,2.743000000000033e-07,2.063068496418594
2.744000000000034e-07,1.211905555429936,2.744000000000034e-07,2.065934983236411
2.745000000000034e-07,1.200004003180001,2.745000000000034e-07,2.068801470054228
2.746000000000034e-07,1.188102450930066,2.746000000000034e-07,2.071667956872045
2.747000000000034e-07,1.176200898680132,2.747000000000034e-07,2.074534443689862
2.748000000000034e-07,1.164997970310071,2.748000000000034e-07,2.077309564468985
2.749000000000034e-07,1.15470373462593,2.749000000000034e-07,2.079965846408648
2.750000000000034e-07,1.144409498941789,2.750000000000034e-07,2.082622128348311
2.751000000000034e-07,1.134115263257648,2.751000000000034e-07,2.085278410287974
2.752000000000034e-07,1.123821027573507,2.752000000000034e-07,2.087934692227637
2.753000000000034e-07,1.113526791889366,2.753000000000034e-07,2.0905909741673
2.754000000000034e-07,1.103232556205225,2.754000000000034e-07,2.093247256106963
2.755000000000034e-07,1.092938320521084,2.755000000000034e-07,2.095903538046627
2.756000000000034e-07,1.082644084836943,2.756000000000034e-07,2.09855981998629
2.757000000000035e-07,1.072349849152801,2.757000000000035e-07,2.101216101925953
2.758000000000035e-07,1.062055613468661,2.758000000000035e-07,2.103872383865616
2.759000000000035e-07,1.051761377784519,2.759000000000035e-07,2.106528665805279
2.760000000000035e-07,1.041467142100378,2.760000000000035e-07,2.109184947744942
2.761000000000035e-07,1.031172906416237,2.761000000000035e-07,2.111841229684606
2.762000000000035e-07,1.020878670732096,2.762000000000035e-07,2.114497511624269
2.763000000000035e-07,1.010584435047955,2.763000000000035e-07,2.117153793563932
2.764000000000035e-07,1.000290199363814,2.764000000000035e-07,2.119810075503595
2.765000000000035e-07,0.9899959636796734,2.765000000000035e-07,2.122466357443258
2.766000000000035e-07,0.9797017279955323,2.766000000000035e-07,2.125122639382922
2.767000000000035e-07,0.9694074923113913,2.767000000000035e-07,2.127778921322585
2.768000000000035e-07,0.9591132566272503,2.768000000000035e-07,2.130435203262248
2.769000000000035e-07,0.9488190209431093,2.769000000000035e-07,2.133091485201911
2.770000000000036e-07,0.9385247852589683,2.770000000000036e-07,2.135747767141575
2.771000000000036e-07,0.9282305495748273,2.771000000000036e-07,2.138404049081238
2.772000000000036e-07,0.9179363138906863,2.772000000000036e-07,2.141060331020901
2.773000000000036e-07,0.9076420782065453,2.773000000000036e-07,2.143716612960564
2.774000000000036e-07,0.8973478425224043,2.774000000000036e-07,2.146372894900227
2.775000000000036e-07,0.8870536068382633,2.775000000000036e-07,2.14902917683989
2.776000000000036e-07,0.8767593711541223,2.776000000000036e-07,2.151685458779554
2.777000000000036e-07,0.8664651354699813,2.777000000000036e-07,2.154341740719217
2.778000000000036e-07,0.8561708997858402,2.778000000000036e-07,2.15699802265888
2.779000000000036e-07,0.8458766641016993,2.779000000000036e-07,2.159654304598543
2.780000000000036e-07,0.8355824284175581,2.780000000000036e-07,2.162310586538206
2.781000000000036e-07,0.8252881927334172,2.781000000000036e-07,2.164966868477869
2.782000000000036e-07,0.8149939570492761,2.782000000000036e-07,2.167623150417533
2.783000000000037e-07,0.8046997213651351,2.783000000000037e-07,2.170279432357196
2.784000000000037e-07,0.7944054856809941,2.784000000000037e-07,2.172935714296859
2.785000000000037e-07,0.7841112499968531,2.785000000000037e-07,2.175591996236522
2.786000000000037e-07,0.7738170143127121,2.786000000000037e-07,2.178248278176185
2.787000000000037e-07,0.7635227786285711,2.787000000000037e-07,2.180904560115848
2.788000000000037e-07,0.7532285429444301,2.788000000000037e-07,2.183560842055511
2.789000000000037e-07,0.7429343072602891,2.789000000000037e-07,2.186217123995175
2.790000000000037e-07,0.7340517188212814,2.790000000000037e-07,2.18880803007466
2.791000000000037e-07,0.7256729971245418,2.791000000000037e-07,2.191375601201447
2.792000000000037e-07,0.7172942754278022,2.792000000000037e-07,2.193943172328234
2.793000000000037e-07,0.7089155537310625,2.793000000000037e-07,2.196510743455022
2.794000000000037e-07,0.7005368320343229,2.794000000000037e-07,2.199078314581809
2.795000000000037e-07,0.6921581103375833,2.795000000000037e-07,2.201645885708596
2.796000000000037e-07,0.6837793886408436,2.796000000000037e-07,2.204213456835384
2.797000000000038e-07,0.6754006669441041,2.797000000000038e-07,2.206781027962171
2.798000000000038e-07,0.6670219452473645,2.798000000000038e-07,2.209348599088958
2.799000000000038e-07,0.6586432235506249,2.799000000000038e-07,2.211916170215745
2.800000000000038e-07,0.6502645018538852,2.800000000000038e-07,2.214483741342533
2.801000000000038e-07,0.6418857801571456,2.801000000000038e-07,2.21705131246932
2.802000000000038e-07,0.633507058460406,2.802000000000038e-07,2.219618883596107
2.803000000000038e-07,0.6251283367636664,2.803000000000038e-07,2.222186454722895
2.804000000000038e-07,0.6167496150669267,2.804000000000038e-07,2.224754025849682
2.805000000000038e-07,0.6083708933701871,2.805000000000038e-07,2.227321596976469
2.806000000000038e-07,0.5999921716734475,2.806000000000038e-07,2.229889168103256
2.807000000000038e-07,0.5916134499767078,2.807000000000038e-07,2.232456739230044
2.808000000000038e-07,0.5832347282799683,2.808000000000038e-07,2.235024310356831
2.809000000000038e-07,0.5748560065832287,2.809000000000038e-07,2.237591881483618
2.810000000000039e-07,0.5664772848864891,2.810000000000039e-07,2.240159452610405
2.811000000000039e-07,0.5580985631897495,2.811000000000039e-07,2.242727023737193
2.812000000000039e-07,0.5497198414930098,2.812000000000039e-07,2.24529459486398
2.813000000000039e-07,0.5413411197962702,2.813000000000039e-07,2.247862165990767
2.814000000000039e-07,0.5329623980995306,2.814000000000039e-07,2.250429737117555
2.815000000000039e-07,0.5245836764027909,2.815000000000039e-07,2.252997308244342
2.816000000000039e-07,0.5162049547060513,2.816000000000039e-07,2.255564879371129
2.817000000000039e-07,0.5078262330093117,2.817000000000039e-07,2.258132450497917
2.818000000000039e-07,0.499447511312572,2.818000000000039e-07,2.260700021624704
2.819000000000039e-07,0.4910687896158324,2.819000000000039e-07,2.263267592751491
2.820000000000039e-07,0.4826900679190929,2.820000000000039e-07,2.265835163878279
2.821000000000039e-07,0.4743113462223532,2.821000000000039e-07,2.268402735005066
2.822000000000039e-07,0.4659326245256136,2.822000000000039e-07,2.270970306131853
2.82300000000004e-07,0.457553902828874,2.82300000000004e-07,2.27353787725864
2.82400000000004e-07,0.4491751811321344,2.82400000000004e-07,2.276105448385428
2.82500000000004e-07,0.4407964594353947,2.82500000000004e-07,2.278673019512215
2.82600000000004e-07,0.4324177377386551,2.82600000000004e-07,2.281240590639002
2.82700000000004e-07,0.4240390160419155,2.82700000000004e-07,2.283808161765789
2.82800000000004e-07,0.4156602943451759,2.82800000000004e-07,2.286375732892577
2.82900000000004e-07,0.4093741575622938,2.82900000000004e-07,2.289142564238273
2.83000000000004e-07,0.4045940565010694,2.83000000000004e-07,2.292052803388161
2.83100000000004e-07,0.399813955439845,2.83100000000004e-07,2.294963042538049
2.83200000000004e-07,0.3950338543786205,2.83200000000004e-07,2.297873281687937
2.83300000000004e-07,0.3902537533173961,2.83300000000004e-07,2.300783520837825
2.83400000000004e-07,0.3854736522561717,2.83400000000004e-07,2.303693759987714
2.83500000000004e-07,0.3806935511949473,2.83500000000004e-07,2.306603999137602
2.83600000000004e-07,0.3759134501337228,2.83600000000004e-07,2.30951423828749
2.837000000000041e-07,0.3711333490724985,2.837000000000041e-07,2.312424477437378
2.838000000000041e-07,0.366353248011274,2.838000000000041e-07,2.315334716587266
2.839000000000041e-07,0.3615731469500496,2.839000000000041e-07,2.318244955737154
2.840000000000041e-07,0.3567930458888252,2.840000000000041e-07,2.321155194887043
2.841000000000041e-07,0.3520129448276008,2.841000000000041e-07,2.324065434036931
2.842000000000041e-07,0.3472328437663763,2.842000000000041e-07,2.326975673186819
2.843000000000041e-07,0.3424527427051519,2.843000000000041e-07,2.329885912336707
2.844000000000041e-07,0.3376726416439275,2.844000000000041e-07,2.332796151486595
2.845000000000041e-07,0.3328925405827031,2.845000000000041e-07,2.335706390636484
2.846000000000041e-07,0.3281124395214787,2.846000000000041e-07,2.338616629786372
2.847000000000041e-07,0.3233323384602542,2.847000000000041e-07,2.34152686893626
2.848000000000041e-07,0.3185522373990298,2.848000000000041e-07,2.344437108086148
2.849000000000041e-07,0.3137721363378054,2.849000000000041e-07,2.347347347236036
2.850000000000042e-07,0.3089920352765809,2.850000000000042e-07,2.350257586385924
2.851000000000042e-07,0.3042119342153565,2.851000000000042e-07,2.353167825535813
2.852000000000042e-07,0.2994318331541321,2.852000000000042e-07,2.3560780646857
2.853000000000042e-07,0.2946517320929077,2.853000000000042e-07,2.358988303835589
2.854000000000042e-07,0.2898716310316833,2.854000000000042e-07,2.361898542985477
2.855000000000042e-07,0.2850915299704588,2.855000000000042e-07,2.364808782135365
2.856000000000042e-07,0.2803114289092344,2.856000000000042e-07,2.367719021285253
2.857000000000042e-07,0.27553132784801,2.857000000000042e-07,2.370629260435142
2.858000000000042e-07,0.2707512267867855,2.858000000000042e-07,2.37353949958503
2.859000000000042e-07,0.2659711257255611,2.859000000000042e-07,2.376449738734918
2.860000000000042e-07,0.2611910246643367,2.860000000000042e-07,2.379359977884806
2.861000000000042e-07,0.2564109236031123,2.861000000000042e-07,2.382270217034694
2.862000000000042e-07,0.2516308225418879,2.862000000000042e-07,2.385180456184582
2.863000000000043e-07,0.2468507214806635,2.863000000000043e-07,2.38809069533447
2.864000000000043e-07,0.2420706204194391,2.864000000000043e-07,2.391000934484359
2.865000000000043e-07,0.2372905193582146,2.865000000000043e-07,2.393911173634247
2.866000000000043e-07,0.2325104182969902,2.866000000000043e-07,2.396821412784135
2.867000000000043e-07,0.2277303172357658,2.867000000000043e-07,2.399731651934023
2.868000000000043e-07,0.2229502161745414,2.868000000000043e-07,2.402641891083911
2.869000000000043e-07,0.2181701151133169,2.869000000000043e-07,2.405552130233799
2.870000000000043e-07,0.2157504746142866,2.870000000000043e-07,2.408538982884763
2.871000000000043e-07,0.2137431651692463,2.871000000000043e-07,2.411539218570442
2.872000000000043e-07,0.2117358557242059,2.872000000000043e-07,2.41453945425612
2.873000000000043e-07,0.2097285462791657,2.873000000000043e-07,2.417539689941799
2.874000000000043e-07,0.2077212368341253,2.874000000000043e-07,2.420539925627478
2.875000000000043e-07,0.205713927389085,2.875000000000043e-07,2.423540161313157
2.876000000000043e-07,0.2037066179440447,2.876000000000043e-07,2.426540396998835
2.877000000000044e-07,0.2016993084990044,2.877000000000044e-07,2.429540632684514
2.878000000000044e-07,0.1996919990539641,2.878000000000044e-07,2.432540868370193
2.879000000000044e-07,0.1976846896089238,2.879000000000044e-07,2.435541104055872
2.880000000000044e-07,0.1956773801638835,2.880000000000044e-07,2.438541339741551
2.881000000000044e-07,0.1936700707188432,2.881000000000044e-07,2.441541575427229
2.882000000000044e-07,0.1916627612738029,2.882000000000044e-07,2.444541811112908
2.883000000000044e-07,0.1896554518287626,2.883000000000044e-07,2.447542046798587
2.884000000000044e-07,0.1876481423837223,2.884000000000044e-07,2.450542282484266
2.885000000000044e-07,0.185640832938682,2.885000000000044e-07,2.453542518169944
2.886000000000044e-07,0.1836335234936417,2.886000000000044e-07,2.456542753855623
2.887000000000044e-07,0.1816262140486014,2.887000000000044e-07,2.459542989541302
2.888000000000044e-07,0.1796189046035611,2.888000000000044e-07,2.462543225226981
2.889000000000044e-07,0.1776115951585208,2.889000000000044e-07,2.465543460912659
2.890000000000045e-07,0.1756042857134805,2.890000000000045e-07,2.468543696598338
2.891000000000045e-07,0.1735969762684401,2.891000000000045e-07,2.471543932284017
2.892000000000045e-07,0.1715896668233999,2.892000000000045e-07,2.474544167969696
2.893000000000045e-07,0.1695823573783595,2.893000000000045e-07,2.477544403655374
2.894000000000045e-07,0.1675750479333192,2.894000000000045e-07,2.480544639341054
2.895000000000045e-07,0.1655677384882789,2.895000000000045e-07,2.483544875026732
2.896000000000045e-07,0.1635604290432386,2.896000000000045e-07,2.486545110712411
2.897000000000045e-07,0.1615531195981983,2.897000000000045e-07,2.489545346398089
2.898000000000045e-07,0.159545810153158,2.898000000000045e-07,2.492545582083769
2.899000000000045e-07,0.1575385007081177,2.899000000000045e-07,2.495545817769447
2.900000000000045e-07,0.1555311912630774,2.900000000000045e-07,2.498546053455126
2.901000000000045e-07,0.1535238818180371,2.901000000000045e-07,2.501546289140805
2.902000000000045e-07,0.1515165723729968,2.902000000000045e-07,2.504546524826484
2.903000000000046e-07,0.1495092629279565,2.903000000000046e-07,2.507546760512162
2.904000000000046e-07,0.1475019534829162,2.904000000000046e-07,2.510546996197841
2.905000000000046e-07,0.1454946440378759,2.905000000000046e-07,2.51354723188352
2.906000000000046e-07,0.1434873345928356,2.906000000000046e-07,2.516547467569199
2.907000000000046e-07,0.1414800251477953,2.907000000000046e-07,2.519547703254877
2.908000000000046e-07,0.139472715702755,2.908000000000046e-07,2.522547938940556
2.909000000000046e-07,0.1374654062577146,2.909000000000046e-07,2.525548174626235
2.910000000000046e-07,0.1358038648537602,2.910000000000046e-07,2.528358436589509
2.911000000000046e-07,0.1345780356258302,2.911000000000046e-07,2.530929307243754
2.912000000000046e-07,0.1333522063979001,2.912000000000046e-07,2.533500177897998
2.913000000000046e-07,0.1321263771699701,2.913000000000046e-07,2.536071048552242
2.914000000000046e-07,0.13090054794204,2.914000000000046e-07,2.538641919206487
2.915000000000046e-07,0.12967471871411,2.915000000000046e-07,2.541212789860731
2.916000000000046e-07,0.12844888948618,2.916000000000046e-07,2.543783660514975
2.917000000000047e-07,0.1272230602582499,2.917000000000047e-07,2.546354531169219
2.918000000000047e-07,0.1259972310303199,2.918000000000047e-07,2.548925401823464
2.919000000000047e-07,0.1247714018023899,2.919000000000047e-07,2.551496272477708
2.920000000000047e-07,0.1235455725744598,2.920000000000047e-07,2.554067143131952
2.921000000000047e-07,0.1223197433465298,2.921000000000047e-07,2.556638013786197
2.922000000000047e-07,0.1210939141185998,2.922000000000047e-07,2.559208884440441
2.923000000000047e-07,0.1198680848906697,2.923000000000047e-07,2.561779755094685
2.924000000000047e-07,0.1186422556627397,2.924000000000047e-07,2.56435062574893
2.925000000000047e-07,0.1174164264348097,2.925000000000047e-07,2.566921496403174
2.926000000000047e-07,0.1161905972068796,2.926000000000047e-07,2.569492367057418
2.927000000000047e-07,0.1149647679789496,2.927000000000047e-07,2.572063237711663
2.928000000000047e-07,0.1137389387510196,2.928000000000047e-07,2.574634108365907
2.929000000000047e-07,0.1125131095230895,2.929000000000047e-07,2.577204979020151
2.930000000000048e-07,0.1112872802951595,2.930000000000048e-07,2.579775849674395
2.931000000000048e-07,0.1100614510672295,2.931000000000048e-07,2.58234672032864
2.932000000000048e-07,0.1088356218392994,2.932000000000048e-07,2.584917590982884
2.933000000000048e-07,0.1076097926113694,2.933000000000048e-07,2.587488461637129
2.934000000000048e-07,0.1063839633834394,2.934000000000048e-07,2.590059332291373
2.935000000000048e-07,0.1051581341555093,2.935000000000048e-07,2.592630202945617
2.936000000000048e-07,0.1039323049275793,2.936000000000048e-07,2.595201073599862
2.937000000000048e-07,0.1027064756996493,2.937000000000048e-07,2.597771944254106
2.938000000000048e-07,0.1014806464717192,2.938000000000048e-07,2.60034281490835
2.939000000000048e-07,0.1002548172437892,2.939000000000048e-07,2.602913685562594
2.940000000000048e-07,0.09902898801585919,2.940000000000048e-07,2.605484556216838
2.941000000000048e-07,0.09780315878792914,2.941000000000048e-07,2.608055426871083
2.942000000000048e-07,0.09657732955999911,2.942000000000048e-07,2.610626297525327
2.943000000000049e-07,0.09535150033206907,2.943000000000049e-07,2.613197168179572
2.944000000000049e-07,0.09412567110413904,2.944000000000049e-07,2.615768038833816
2.945000000000049e-07,0.09289984187620901,2.945000000000049e-07,2.61833890948806
2.946000000000049e-07,0.09167401264827899,2.946000000000049e-07,2.620909780142305
2.947000000000049e-07,0.09044818342034894,2.947000000000049e-07,2.623480650796549
2.948000000000049e-07,0.0892223541924189,2.948000000000049e-07,2.626051521450793
2.949000000000049e-07,0.08799652496448887,2.949000000000049e-07,2.628622392105037
2.950000000000049e-07,0.08677069573655884,2.950000000000049e-07,2.631193262759282
2.951000000000049e-07,0.0855448665086288,2.951000000000049e-07,2.633764133413526
2.952000000000049e-07,0.08431903728069878,2.952000000000049e-07,2.63633500406777
2.953000000000049e-07,0.08309320805276874,2.953000000000049e-07,2.638905874722015
2.954000000000049e-07,0.0818673788248387,2.954000000000049e-07,2.641476745376259
2.955000000000049e-07,0.08064154959690867,2.955000000000049e-07,2.644047616030504
2.956000000000049e-07,0.07941572036897865,2.956000000000049e-07,2.646618486684748
2.95700000000005e-07,0.0781898911410486,2.95700000000005e-07,2.649189357338992
2.95800000000005e-07,0.07720462794437014,2.95800000000005e-07,2.651629840663399
2.95900000000005e-07,0.07667388221617348,2.95900000000005e-07,2.653823974497934
2.96000000000005e-07,0.07614313648797681,2.96000000000005e-07,2.656018108332467
2.96100000000005e-07,0.07561239075978014,2.96100000000005e-07,2.658212242167002
2.96200000000005e-07,0.07508164503158347,2.96200000000005e-07,2.660406376001536
2.96300000000005e-07,0.07455089930338681,2.96300000000005e-07,2.66260050983607
2.96400000000005e-07,0.07402015357519014,2.96400000000005e-07,2.664794643670604
2.96500000000005e-07,0.07348940784699348,2.96500000000005e-07,2.666988777505138
2.96600000000005e-07,0.07295866211879681,2.96600000000005e-07,2.669182911339672
2.96700000000005e-07,0.07242791639060014,2.96700000000005e-07,2.671377045174207
2.96800000000005e-07,0.07189717066240348,2.96800000000005e-07,2.673571179008741
2.96900000000005e-07,0.07136642493420681,2.96900000000005e-07,2.675765312843275
2.970000000000051e-07,0.07083567920601014,2.970000000000051e-07,2.677959446677809
2.971000000000051e-07,0.07030493347781348,2.971000000000051e-07,2.680153580512343
2.972000000000051e-07,0.06977418774961681,2.972000000000051e-07,2.682347714346877
2.973000000000051e-07,0.06924344202142015,2.973000000000051e-07,2.684541848181412
2.974000000000051e-07,0.06871269629322348,2.974000000000051e-07,2.686735982015946
2.975000000000051e-07,0.06818195056502681,2.975000000000051e-07,2.68893011585048
2.976000000000051e-07,0.06765120483683015,2.976000000000051e-07,2.691124249685014
2.977000000000051e-07,0.06712045910863348,2.977000000000051e-07,2.693318383519548
2.978000000000051e-07,0.06658971338043682,2.978000000000051e-07,2.695512517354082
2.979000000000051e-07,0.06605896765224015,2.979000000000051e-07,2.697706651188617
2.980000000000051e-07,0.06552822192404348,2.980000000000051e-07,2.69990078502315
2.981000000000051e-07,0.06499747619584681,2.981000000000051e-07,2.702094918857685
2.982000000000051e-07,0.06446673046765015,2.982000000000051e-07,2.704289052692219
2.983000000000052e-07,0.06393598473945349,2.983000000000052e-07,2.706483186526753
2.984000000000052e-07,0.06340523901125682,2.984000000000052e-07,2.708677320361287
2.985000000000052e-07,0.06287449328306015,2.985000000000052e-07,2.710871454195821
2.986000000000052e-07,0.06234374755486348,2.986000000000052e-07,2.713065588030355
2.987000000000052e-07,0.06181300182666682,2.987000000000052e-07,2.71525972186489
2.988000000000052e-07,0.06128225609847016,2.988000000000052e-07,2.717453855699424
2.989000000000052e-07,0.06075151037027349,2.989000000000052e-07,2.719647989533958
2.990000000000052e-07,0.06022076464207682,2.990000000000052e-07,2.721842123368492
2.991000000000052e-07,0.05969001891388015,2.991000000000052e-07,2.724036257203026
2.992000000000052e-07,0.05915927318568349,2.992000000000052e-07,2.72623039103756
2.993000000000052e-07,0.05862852745748682,2.993000000000052e-07,2.728424524872095
2.994000000000052e-07,0.05809778172929016,2.994000000000052e-07,2.730618658706629
2.995000000000052e-07,0.05756703600109349,2.995000000000052e-07,2.732812792541162
2.996000000000053e-07,0.05703629027289682,2.996000000000053e-07,2.735006926375697
2.997000000000053e-07,0.05650554454470015,2.997000000000053e-07,2.737201060210231
2.998000000000053e-07,0.05597479881650349,2.998000000000053e-07,2.739395194044765
2.999000000000053e-07,0.05544405308830682,2.999000000000053e-07,2.741589327879299
3.000000000000053e-07,0.05501384452829528,3.000000000000053e-07,2.743568883784103
3.001000000000053e-07,0.0547004406329339,3.001000000000053e-07,2.745299141806582
3.002000000000053e-07,0.05438703673757253,3.002000000000053e-07,2.74702939982906
3.003000000000053e-07,0.05407363284221115,3.003000000000053e-07,2.748759657851539
3.004000000000053e-07,0.05376022894684978,3.004000000000053e-07,2.750489915874018
3.005000000000053e-07,0.0534468250514884,3.005000000000053e-07,2.752220173896497
3.006000000000053e-07,0.05313342115612703,3.006000000000053e-07,2.753950431918975
3.007000000000053e-07,0.05282001726076565,3.007000000000053e-07,2.755680689941454
3.008000000000053e-07,0.05250661336540428,3.008000000000053e-07,2.757410947963932
3.009000000000053e-07,0.0521932094700429,3.009000000000053e-07,2.759141205986411
3.010000000000054e-07,0.05187980557468153,3.010000000000054e-07,2.76087146400889
3.011000000000054e-07,0.05156640167932015,3.011000000000054e-07,2.762601722031369
3.012000000000054e-07,0.05125299778395877,3.012000000000054e-07,2.764331980053847
3.013000000000054e-07,0.0509395938885974,3.013000000000054e-07,2.766062238076326
3.014000000000054e-07,0.05062618999323602,3.014000000000054e-07,2.767792496098805
3.015000000000054e-07,0.05031278609787464,3.015000000000054e-07,2.769522754121283
3.016000000000054e-07,0.04999938220251327,3.016000000000054e-07,2.771253012143762
3.017000000000054e-07,0.04968597830715189,3.017000000000054e-07,2.772983270166241
3.018000000000054e-07,0.04937257441179052,3.018000000000054e-07,2.77471352818872
3.019000000000054e-07,0.04905917051642914,3.019000000000054e-07,2.776443786211198
3.020000000000054e-07,0.04874576662106777,3.020000000000054e-07,2.778174044233677
3.021000000000054e-07,0.04843236272570639,3.021000000000054e-07,2.779904302256156
3.022000000000054e-07,0.04811895883034502,3.022000000000054e-07,2.781634560278635
3.023000000000055e-07,0.04780555493498364,3.023000000000055e-07,2.783364818301113
3.024000000000055e-07,0.04749215103962227,3.024000000000055e-07,2.785095076323592
3.025000000000055e-07,0.04717874714426089,3.025000000000055e-07,2.786825334346071
3.026000000000055e-07,0.04686534324889952,3.026000000000055e-07,2.788555592368549
3.027000000000055e-07,0.04655193935353814,3.027000000000055e-07,2.790285850391028
3.028000000000055e-07,0.04623853545817676,3.028000000000055e-07,2.792016108413506
3.029000000000055e-07,0.04592513156281539,3.029000000000055e-07,2.793746366435985
3.030000000000055e-07,0.04561172766745401,3.030000000000055e-07,2.795476624458464
3.031000000000055e-07,0.04529832377209264,3.031000000000055e-07,2.797206882480943
3.032000000000055e-07,0.04498491987673126,3.032000000000055e-07,2.798937140503421
3.033000000000055e-07,0.04467151598136988,3.033000000000055e-07,2.8006673985259
3.034000000000055e-07,0.04435811208600851,3.034000000000055e-07,2.802397656548379
3.035000000000055e-07,0.04404470819064714,3.035000000000055e-07,2.804127914570858
3.036000000000056e-07,0.04373130429528576,3.036000000000056e-07,2.805858172593336
3.037000000000056e-07,0.04341790039992438,3.037000000000056e-07,2.807588430615815
3.038000000000056e-07,0.04310449650456301,3.038000000000056e-07,2.809318688638294
3.039000000000056e-07,0.04279109260920164,3.039000000000056e-07,2.811048946660772
3.040000000000056e-07,0.04247768871384026,3.040000000000056e-07,2.812779204683251
3.041000000000056e-07,0.04216428481847888,3.041000000000056e-07,2.81450946270573
3.042000000000056e-07,0.04185088092311751,3.042000000000056e-07,2.816239720728209
3.043000000000056e-07,0.04153747702775613,3.043000000000056e-07,2.817969978750687
3.044000000000056e-07,0.04122407313239475,3.044000000000056e-07,2.819700236773166
3.045000000000056e-07,0.04091066923703338,3.045000000000056e-07,2.821430494795645
3.046000000000056e-07,0.040597265341672,3.046000000000056e-07,2.823160752818124
3.047000000000056e-07,0.04028386144631063,3.047000000000056e-07,2.824891010840602
3.048000000000056e-07,0.03997045755094925,3.048000000000056e-07,2.826621268863081
3.049000000000056e-07,0.03971115184319444,3.049000000000056e-07,2.828210333558983
3.050000000000057e-07,0.03955894192665641,3.050000000000057e-07,2.829519884066089
3.051000000000057e-07,0.03940673201011838,3.051000000000057e-07,2.830829434573195
3.052000000000057e-07,0.03925452209358035,3.052000000000057e-07,2.832138985080301
3.053000000000057e-07,0.03910231217704232,3.053000000000057e-07,2.833448535587407
3.054000000000057e-07,0.03895010226050429,3.054000000000057e-07,2.834758086094512
3.055000000000057e-07,0.03879789234396626,3.055000000000057e-07,2.836067636601618
3.056000000000057e-07,0.03864568242742823,3.056000000000057e-07,2.837377187108724
3.057000000000057e-07,0.0384934725108902,3.057000000000057e-07,2.83868673761583
3.058000000000057e-07,0.03834126259435217,3.058000000000057e-07,2.839996288122936
3.059000000000057e-07,0.03818905267781414,3.059000000000057e-07,2.841305838630042
3.060000000000057e-07,0.03803684276127611,3.060000000000057e-07,2.842615389137148
3.061000000000057e-07,0.03788463284473808,3.061000000000057e-07,2.843924939644253
3.062000000000057e-07,0.03773242292820005,3.062000000000057e-07,2.84523449015136
3.063000000000058e-07,0.03758021301166202,3.063000000000058e-07,2.846544040658465
3.064000000000058e-07,0.03742800309512399,3.064000000000058e-07,2.847853591165571
3.065000000000058e-07,0.03727579317858596,3.065000000000058e-07,2.849163141672677
3.066000000000058e-07,0.03712358326204793,3.066000000000058e-07,2.850472692179783
3.067000000000058e-07,0.0369713733455099,3.067000000000058e-07,2.851782242686889
3.068000000000058e-07,0.03681916342897187,3.068000000000058e-07,2.853091793193995
3.069000000000058e-07,0.03666695351243384,3.069000000000058e-07,2.8544013437011
3.070000000000058e-07,0.03651474359589581,3.070000000000058e-07,2.855710894208206
3.071000000000058e-07,0.03636253367935778,3.071000000000058e-07,2.857020444715312
3.072000000000058e-07,0.03621032376281975,3.072000000000058e-07,2.858329995222418
3.073000000000058e-07,0.03605811384628172,3.073000000000058e-07,2.859639545729524
3.074000000000058e-07,0.03590590392974369,3.074000000000058e-07,2.86094909623663
3.075000000000058e-07,0.03575369401320566,3.075000000000058e-07,2.862258646743736
3.076000000000059e-07,0.03560148409666763,3.076000000000059e-07,2.863568197250841
3.077000000000059e-07,0.0354492741801296,3.077000000000059e-07,2.864877747757947
3.078000000000059e-07,0.03529706426359157,3.078000000000059e-07,2.866187298265053
3.079000000000059e-07,0.03514485434705354,3.079000000000059e-07,2.867496848772159
3.080000000000059e-07,0.03499264443051551,3.080000000000059e-07,2.868806399279265
3.081000000000059e-07,0.03484043451397748,3.081000000000059e-07,2.870115949786371
3.082000000000059e-07,0.03468822459743945,3.082000000000059e-07,2.871425500293477
3.083000000000059e-07,0.03453601468090142,3.083000000000059e-07,2.872735050800582
3.084000000000059e-07,0.03438380476436339,3.084000000000059e-07,2.874044601307688
3.085000000000059e-07,0.03423159484782536,3.085000000000059e-07,2.875354151814794
3.086000000000059e-07,0.03407938493128733,3.086000000000059e-07,2.8766637023219
3.087000000000059e-07,0.0339271750147493,3.087000000000059e-07,2.877973252829006
3.088000000000059e-07,0.03377496509821127,3.088000000000059e-07,2.879282803336112
3.089000000000059e-07,0.03362275518167324,3.089000000000059e-07,2.880592353843217
3.09000000000006e-07,0.03347054526513521,3.09000000000006e-07,2.881901904350324
3.09100000000006e-07,0.03335612315875672,3.09100000000006e-07,2.882972639667324
3.09200000000006e-07,0.03325995155983597,3.09200000000006e-07,2.88392803359805
3.09300000000006e-07,0.0331637799609152,3.09300000000006e-07,2.884883427528777
3.09400000000006e-07,0.03306760836199444,3.09400000000006e-07,2.885838821459504
3.09500000000006e-07,0.03297143676307367,3.09500000000006e-07,2.88679421539023
3.09600000000006e-07,0.03287526516415291,3.09600000000006e-07,2.887749609320957
3.09700000000006e-07,0.03277909356523215,3.09700000000006e-07,2.888705003251683
3.09800000000006e-07,0.03268292196631139,3.09800000000006e-07,2.88966039718241
3.09900000000006e-07,0.03258675036739063,3.09900000000006e-07,2.890615791113137
3.10000000000006e-07,0.03249057876846986,3.10000000000006e-07,2.891571185043863
3.10100000000006e-07,0.0323944071695491,3.10100000000006e-07,2.89252657897459
3.10200000000006e-07,0.03229823557062834,3.10200000000006e-07,2.893481972905317
3.103000000000061e-07,0.03220206397170758,3.103000000000061e-07,2.894437366836043
3.104000000000061e-07,0.03210589237278681,3.104000000000061e-07,2.89539276076677
3.105000000000061e-07,0.03200972077386605,3.105000000000061e-07,2.896348154697496
3.106000000000061e-07,0.03191354917494529,3.106000000000061e-07,2.897303548628223
3.107000000000061e-07,0.03181737757602453,3.107000000000061e-07,2.89825894255895
3.108000000000061e-07,0.03172120597710376,3.108000000000061e-07,2.899214336489676
3.109000000000061e-07,0.031625034378183,3.109000000000061e-07,2.900169730420403
3.110000000000061e-07,0.03152886277926224,3.110000000000061e-07,2.90112512435113
3.111000000000061e-07,0.03143269118034148,3.111000000000061e-07,2.902080518281856
3.112000000000061e-07,0.03133651958142071,3.112000000000061e-07,2.903035912212583
3.113000000000061e-07,0.03124034798249995,3.113000000000061e-07,2.903991306143309
3.114000000000061e-07,0.03114417638357919,3.114000000000061e-07,2.904946700074036
3.115000000000061e-07,0.03104800478465843,3.115000000000061e-07,2.905902094004763
3.116000000000062e-07,0.03095183318573767,3.116000000000062e-07,2.906857487935489
3.117000000000062e-07,0.0308556615868169,3.117000000000062e-07,2.907812881866216
3.118000000000062e-07,0.03075948998789614,3.118000000000062e-07,2.908768275796943
3.119000000000062e-07,0.03066331838897538,3.119000000000062e-07,2.909723669727669
3.120000000000062e-07,0.03056714679005462,3.120000000000062e-07,2.910679063658396
3.121000000000062e-07,0.03047097519113385,3.121000000000062e-07,2.911634457589123
3.122000000000062e-07,0.03037480359221309,3.122000000000062e-07,2.912589851519849
3.123000000000062e-07,0.03027863199329233,3.123000000000062e-07,2.913545245450576
3.124000000000062e-07,0.03018246039437156,3.124000000000062e-07,2.914500639381302
3.125000000000062e-07,0.0300862887954508,3.125000000000062e-07,2.915456033312029
3.126000000000062e-07,0.02999011719653004,3.126000000000062e-07,2.916411427242756
3.127000000000062e-07,0.02989394559760928,3.127000000000062e-07,2.917366821173482
3.128000000000062e-07,0.02979777399868851,3.128000000000062e-07,2.918322215104209
3.129000000000062e-07,0.02970160239976775,3.129000000000062e-07,2.919277609034936
3.130000000000063e-07,0.02960543080084699,3.130000000000063e-07,2.920233002965662
3.131000000000063e-07,0.02950925920192623,3.131000000000063e-07,2.921188396896389
3.132000000000063e-07,0.02941308760300547,3.132000000000063e-07,2.922143790827116
3.133000000000063e-07,0.0293169160040847,3.133000000000063e-07,2.923099184757842
3.134000000000063e-07,0.02922074440516394,3.134000000000063e-07,2.924054578688569
3.135000000000063e-07,0.02914256458691871,3.135000000000063e-07,2.924871456613374
3.136000000000063e-07,0.02908257441698537,3.136000000000063e-07,2.925548295179167
3.137000000000063e-07,0.02902258424705203,3.137000000000063e-07,2.926225133744961
3.138000000000063e-07,0.02896259407711868,3.138000000000063e-07,2.926901972310754
3.139000000000063e-07,0.02890260390718534,3.139000000000063e-07,2.927578810876547
3.140000000000063e-07,0.028842613737252,3.140000000000063e-07,2.92825564944234
3.141000000000063e-07,0.02878262356731865,3.141000000000063e-07,2.928932488008134
3.142000000000063e-07,0.02872263339738531,3.142000000000063e-07,2.929609326573927
3.143000000000064e-07,0.02866264322745197,3.143000000000064e-07,2.93028616513972
3.144000000000064e-07,0.02860265305751862,3.144000000000064e-07,2.930963003705514
3.145000000000064e-07,0.02854266288758528,3.145000000000064e-07,2.931639842271307
3.146000000000064e-07,0.02848267271765193,3.146000000000064e-07,2.932316680837101
3.147000000000064e-07,0.02842268254771859,3.147000000000064e-07,2.932993519402894
3.148000000000064e-07,0.02836269237778525,3.148000000000064e-07,2.933670357968687
3.149000000000064e-07,0.0283027022078519,3.149000000000064e-07,2.934347196534481
3.150000000000064e-07,0.02824271203791856,3.150000000000064e-07,2.935024035100274
3.151000000000064e-07,0.02818272186798522,3.151000000000064e-07,2.935700873666067
3.152000000000064e-07,0.02812273169805187,3.152000000000064e-07,2.93637771223186
3.153000000000064e-07,0.02806274152811853,3.153000000000064e-07,2.937054550797654
3.154000000000064e-07,0.02800275135818519,3.154000000000064e-07,2.937731389363447
3.155000000000064e-07,0.02794276118825184,3.155000000000064e-07,2.93840822792924
3.156000000000065e-07,0.0278827710183185,3.156000000000065e-07,2.939085066495033
3.157000000000065e-07,0.02782278084838516,3.157000000000065e-07,2.939761905060827
3.158000000000065e-07,0.02776279067845181,3.158000000000065e-07,2.94043874362662
3.159000000000065e-07,0.02770280050851847,3.159000000000065e-07,2.941115582192413
3.160000000000065e-07,0.02764281033858513,3.160000000000065e-07,2.941792420758207
3.161000000000065e-07,0.02758282016865178,3.161000000000065e-07,2.942469259324
3.162000000000065e-07,0.02752282999871844,3.162000000000065e-07,2.943146097889794
3.163000000000065e-07,0.0274628398287851,3.163000000000065e-07,2.943822936455587
3.164000000000065e-07,0.02740284965885175,3.164000000000065e-07,2.94449977502138
3.165000000000065e-07,0.02734285948891841,3.165000000000065e-07,2.945176613587174
3.166000000000065e-07,0.02728286931898507,3.166000000000065e-07,2.945853452152967
3.167000000000065e-07,0.02722287914905172,3.167000000000065e-07,2.94653029071876
3.168000000000065e-07,0.02716288897911838,3.168000000000065e-07,2.947207129284553
3.169000000000066e-07,0.02710289880918504,3.169000000000066e-07,2.947883967850347
3.170000000000066e-07,0.02704290863925169,3.170000000000066e-07,2.94856080641614
3.171000000000066e-07,0.02698291846931835,3.171000000000066e-07,2.949237644981933
3.172000000000066e-07,0.02692292829938501,3.172000000000066e-07,2.949914483547726
3.173000000000066e-07,0.02686293812945166,3.173000000000066e-07,2.95059132211352
3.174000000000066e-07,0.02680294795951832,3.174000000000066e-07,2.951268160679313
3.175000000000066e-07,0.02674225902823417,3.175000000000066e-07,2.951754409828705
3.176000000000066e-07,0.02668147437838827,3.176000000000066e-07,2.952214551431075
3.177000000000066e-07,0.02662068972854236,3.177000000000066e-07,2.952674693033444
3.178000000000066e-07,0.02655990507869646,3.178000000000066e-07,2.953134834635814
3.179000000000066e-07,0.02649912042885056,3.179000000000066e-07,2.953594976238183
3.180000000000066e-07,0.02643833577900466,3.180000000000066e-07,2.954055117840553
3.181000000000066e-07,0.02637755112915876,3.181000000000066e-07,2.954515259442922
3.182000000000066e-07,0.02631676647931285,3.182000000000066e-07,2.954975401045292
3.183000000000067e-07,0.02625598182946695,3.183000000000067e-07,2.955435542647662
3.184000000000067e-07,0.02619519717962105,3.184000000000067e-07,2.955895684250031
3.185000000000067e-07,0.02613441252977514,3.185000000000067e-07,2.956355825852401
3.186000000000067e-07,0.02607362787992924,3.186000000000067e-07,2.95681596745477
3.187000000000067e-07,0.02601284323008334,3.187000000000067e-07,2.95727610905714
3.188000000000067e-07,0.02595205858023744,3.188000000000067e-07,2.957736250659509
3.189000000000067e-07,0.02589127393039153,3.189000000000067e-07,2.958196392261879
3.190000000000067e-07,0.02583048928054563,3.190000000000067e-07,2.958656533864248
3.191000000000067e-07,0.02576970463069973,3.191000000000067e-07,2.959116675466618
3.192000000000067e-07,0.02570891998085383,3.192000000000067e-07,2.959576817068988
3.193000000000067e-07,0.02564813533100792,3.193000000000067e-07,2.960036958671357
3.194000000000067e-07,0.02558735068116202,3.194000000000067e-07,2.960497100273727
3.195000000000067e-07,0.02552656603131612,3.195000000000067e-07,2.960957241876097
3.196000000000068e-07,0.02546578138147022,3.196000000000068e-07,2.961417383478466
3.197000000000068e-07,0.02540499673162432,3.197000000000068e-07,2.961877525080836
3.198000000000068e-07,0.02534421208177842,3.198000000000068e-07,2.962337666683205
3.199000000000068e-07,0.02528342743193251,3.199000000000068e-07,2.962797808285575
3.200000000000068e-07,0.02522264278208661,3.200000000000068e-07,2.963257949887944
3.201000000000068e-07,0.02516185813224071,3.201000000000068e-07,2.963718091490314
3.202000000000068e-07,0.02510107348239481,3.202000000000068e-07,2.964178233092683
3.203000000000068e-07,0.0250402888325489,3.203000000000068e-07,2.964638374695053
3.204000000000068e-07,0.024979504182703,3.204000000000068e-07,2.965098516297422
3.205000000000068e-07,0.0249187195328571,3.205000000000068e-07,2.965558657899792
3.206000000000068e-07,0.02485793488301119,3.206000000000068e-07,2.966018799502161
3.207000000000068e-07,0.02479715023316529,3.207000000000068e-07,2.966478941104531
3.208000000000068e-07,0.02473636558331939,3.208000000000068e-07,2.966939082706901
3.209000000000069e-07,0.02467558093347349,3.209000000000069e-07,2.96739922430927
3.210000000000069e-07,0.02461479628362758,3.210000000000069e-07,2.96785936591164
3.211000000000069e-07,0.02455401163378168,3.211000000000069e-07,2.96831950751401
3.212000000000069e-07,0.02449322698393578,3.212000000000069e-07,2.968779649116379
3.213000000000069e-07,0.02443244233408988,3.213000000000069e-07,2.969239790718749
3.214000000000069e-07,0.02437165768424398,3.214000000000069e-07,2.969699932321118
3.215000000000069e-07,0.02431087303439807,3.215000000000069e-07,2.970160073923488
3.216000000000069e-07,0.02425008838455217,3.216000000000069e-07,2.970620215525857
3.217000000000069e-07,0.02418930373470627,3.217000000000069e-07,2.971080357128227
3.218000000000069e-07,0.02412851908486037,3.218000000000069e-07,2.971540498730596
3.219000000000069e-07,0.02406773443501447,3.219000000000069e-07,2.972000640332966
3.220000000000069e-07,0.02401480866665639,3.220000000000069e-07,2.972406415382864
3.221000000000069e-07,0.02397683450219825,3.221000000000069e-07,2.972708757500326
3.222000000000069e-07,0.02393886033774012,3.222000000000069e-07,2.973011099617788
3.22300000000007e-07,0.02390088617328198,3.22300000000007e-07,2.973313441735249
3.22400000000007e-07,0.02386291200882384,3.22400000000007e-07,2.973615783852711
3.22500000000007e-07,0.0238249378443657,3.22500000000007e-07,2.973918125970173
3.22600000000007e-07,0.02378696367990756,3.22600000000007e-07,2.974220468087635
3.22700000000007e-07,0.02374898951544942,3.22700000000007e-07,2.974522810205097
3.22800000000007e-07,0.02371101535099128,3.22800000000007e-07,2.974825152322558
3.22900000000007e-07,0.02367304118653314,3.22900000000007e-07,2.97512749444002
3.23000000000007e-07,0.023635067022075,3.23000000000007e-07,2.975429836557482
3.23100000000007e-07,0.02359709285761687,3.23100000000007e-07,2.975732178674944
3.23200000000007e-07,0.02355911869315873,3.23200000000007e-07,2.976034520792405
3.23300000000007e-07,0.02352114452870059,3.23300000000007e-07,2.976336862909867
3.23400000000007e-07,0.02348317036424245,3.23400000000007e-07,2.976639205027329
3.23500000000007e-07,0.02344519619978431,3.23500000000007e-07,2.976941547144791
3.236000000000071e-07,0.02340722203532617,3.236000000000071e-07,2.977243889262252
3.237000000000071e-07,0.02336924787086803,3.237000000000071e-07,2.977546231379714
3.238000000000071e-07,0.02333127370640989,3.238000000000071e-07,2.977848573497176
3.239000000000071e-07,0.02329329954195175,3.239000000000071e-07,2.978150915614638
3.240000000000071e-07,0.02325532537749362,3.240000000000071e-07,2.9784532577321
3.241000000000071e-07,0.02321735121303548,3.241000000000071e-07,2.978755599849561
3.242000000000071e-07,0.02317937704857734,3.242000000000071e-07,2.979057941967023
3.243000000000071e-07,0.0231414028841192,3.243000000000071e-07,2.979360284084485
3.244000000000071e-07,0.02310342871966106,3.244000000000071e-07,2.979662626201947
3.245000000000071e-07,0.02306545455520292,3.245000000000071e-07,2.979964968319408
3.246000000000071e-07,0.02302748039074478,3.246000000000071e-07,2.98026731043687
3.247000000000071e-07,0.02298950622628664,3.247000000000071e-07,2.980569652554332
3.248000000000071e-07,0.0229515320618285,3.248000000000071e-07,2.980871994671794
3.249000000000072e-07,0.02291355789737037,3.249000000000072e-07,2.981174336789255
3.250000000000072e-07,0.02287558373291223,3.250000000000072e-07,2.981476678906717
3.251000000000072e-07,0.02283760956845409,3.251000000000072e-07,2.981779021024179
3.252000000000072e-07,0.02279963540399595,3.252000000000072e-07,2.982081363141641
3.253000000000072e-07,0.02276166123953781,3.253000000000072e-07,2.982383705259103
3.254000000000072e-07,0.02272368707507967,3.254000000000072e-07,2.982686047376564
3.255000000000072e-07,0.02268571291062153,3.255000000000072e-07,2.982988389494026
3.256000000000072e-07,0.02264773874616339,3.256000000000072e-07,2.983290731611488
3.257000000000072e-07,0.02260976458170525,3.257000000000072e-07,2.98359307372895
3.258000000000072e-07,0.02257179041724712,3.258000000000072e-07,2.983895415846411
3.259000000000072e-07,0.02253381625278898,3.259000000000072e-07,2.984197757963873
3.260000000000072e-07,0.02249584208833084,3.260000000000072e-07,2.984500100081335
3.261000000000072e-07,0.0224578679238727,3.261000000000072e-07,2.984802442198797
3.262000000000072e-07,0.02241989375941456,3.262000000000072e-07,2.985104784316258
3.263000000000073e-07,0.02238287129768694,3.263000000000073e-07,2.985382201935993
3.264000000000073e-07,0.02234932681251576,3.264000000000073e-07,2.985568533530651
3.265000000000073e-07,0.02231578232734457,3.265000000000073e-07,2.985754865125308
3.266000000000073e-07,0.02228223784217339,3.266000000000073e-07,2.985941196719966
3.267000000000073e-07,0.02224869335700221,3.267000000000073e-07,2.986127528314623
3.268000000000073e-07,0.02221514887183103,3.268000000000073e-07,2.986313859909281
3.269000000000073e-07,0.02218160438665985,3.269000000000073e-07,2.986500191503939
3.270000000000073e-07,0.02214805990148867,3.270000000000073e-07,2.986686523098597
3.271000000000073e-07,0.02211451541631749,3.271000000000073e-07,2.986872854693254
3.272000000000073e-07,0.02208097093114631,3.272000000000073e-07,2.987059186287912
3.273000000000073e-07,0.02204742644597513,3.273000000000073e-07,2.987245517882569
3.274000000000073e-07,0.02201388196080395,3.274000000000073e-07,2.987431849477227
3.275000000000073e-07,0.02198033747563276,3.275000000000073e-07,2.987618181071885
3.276000000000074e-07,0.02194679299046158,3.276000000000074e-07,2.987804512666542
3.277000000000074e-07,0.0219132485052904,3.277000000000074e-07,2.9879908442612
3.278000000000074e-07,0.02187970402011922,3.278000000000074e-07,2.988177175855858
3.279000000000074e-07,0.02184615953494804,3.279000000000074e-07,2.988363507450515
3.280000000000074e-07,0.02181261504977686,3.280000000000074e-07,2.988549839045173
3.281000000000074e-07,0.02177907056460568,3.281000000000074e-07,2.988736170639831
3.282000000000074e-07,0.0217455260794345,3.282000000000074e-07,2.988922502234488
3.283000000000074e-07,0.02171198159426332,3.283000000000074e-07,2.989108833829146
3.284000000000074e-07,0.02167843710909214,3.284000000000074e-07,2.989295165423804
3.285000000000074e-07,0.02164489262392096,3.285000000000074e-07,2.989481497018461
3.286000000000074e-07,0.02161134813874977,3.286000000000074e-07,2.989667828613119
3.287000000000074e-07,0.02157780365357859,3.287000000000074e-07,2.989854160207777
3.288000000000074e-07,0.02154425916840741,3.288000000000074e-07,2.990040491802434
3.289000000000075e-07,0.02151071468323623,3.289000000000075e-07,2.990226823397092
3.290000000000075e-07,0.02147717019806505,3.290000000000075e-07,2.990413154991749
3.291000000000075e-07,0.02144362571289387,3.291000000000075e-07,2.990599486586407
3.292000000000075e-07,0.02141008122772269,3.292000000000075e-07,2.990785818181065
3.293000000000075e-07,0.02137653674255151,3.293000000000075e-07,2.990972149775723
3.294000000000075e-07,0.02134299225738033,3.294000000000075e-07,2.99115848137038
3.295000000000075e-07,0.02130944777220915,3.295000000000075e-07,2.991344812965038
3.296000000000075e-07,0.02127590328703797,3.296000000000075e-07,2.991531144559695
3.297000000000075e-07,0.02124235880186678,3.297000000000075e-07,2.991717476154353
3.298000000000075e-07,0.0212088143166956,3.298000000000075e-07,2.991903807749011
3.299000000000075e-07,0.02117526983152442,3.299000000000075e-07,2.992090139343668
3.300000000000075e-07,0.02114172534635324,3.300000000000075e-07,2.992276470938326
3.301000000000075e-07,0.02110818086118206,3.301000000000075e-07,2.992462802532984
3.302000000000075e-07,0.02107463637601088,3.302000000000075e-07,2.992649134127642
3.303000000000076e-07,0.0210410918908397,3.303000000000076e-07,2.992835465722299
3.304000000000076e-07,0.02100754740566852,3.304000000000076e-07,2.993021797316957
3.305000000000076e-07,0.02097400292049734,3.305000000000076e-07,2.993208128911614
3.306000000000076e-07,0.02094045843532616,3.306000000000076e-07,2.993394460506272
3.307000000000076e-07,0.02090691395015497,3.307000000000076e-07,2.99358079210093
3.308000000000076e-07,0.02087336946498379,3.308000000000076e-07,2.993767123695587
3.309000000000076e-07,0.02083982497981261,3.309000000000076e-07,2.993953455290245
3.310000000000076e-07,0.02080628049464143,3.310000000000076e-07,2.994139786884903
3.311000000000076e-07,0.02077273600947025,3.311000000000076e-07,2.99432611847956
3.312000000000076e-07,0.02073919152429907,3.312000000000076e-07,2.994512450074218
3.313000000000076e-07,0.02070564703912789,3.313000000000076e-07,2.994698781668875
3.314000000000076e-07,0.02067394639441789,3.314000000000076e-07,2.994872822534407
3.315000000000076e-07,0.02064901977317048,3.315000000000076e-07,2.995001708903534
3.316000000000077e-07,0.02062409315192307,3.316000000000077e-07,2.995130595272661
3.317000000000077e-07,0.02059916653067565,3.317000000000077e-07,2.995259481641787
3.318000000000077e-07,0.02057423990942825,3.318000000000077e-07,2.995388368010914
3.319000000000077e-07,0.02054931328818083,3.319000000000077e-07,2.995517254380041
3.320000000000077e-07,0.02052438666693342,3.320000000000077e-07,2.995646140749168
3.321000000000077e-07,0.02049946004568601,3.321000000000077e-07,2.995775027118294
3.322000000000077e-07,0.0204745334244386,3.322000000000077e-07,2.995903913487421
3.323000000000077e-07,0.02044960680319119,3.323000000000077e-07,2.996032799856548
3.324000000000077e-07,0.02042468018194378,3.324000000000077e-07,2.996161686225675
3.325000000000077e-07,0.02039976637852007,3.325000000000077e-07,2.996289534603087
3.326000000000077e-07,0.02037511348262399,3.326000000000077e-07,2.996396254600337
3.327000000000077e-07,0.0203504605867279,3.327000000000077e-07,2.996502974597588
3.328000000000077e-07,0.02032580769083182,3.328000000000077e-07,2.996609694594838
3.329000000000078e-07,0.02030115479493574,3.329000000000078e-07,2.996716414592088
3.330000000000078e-07,0.02027650189903965,3.330000000000078e-07,2.996823134589339
3.331000000000078e-07,0.02025184900314357,3.331000000000078e-07,2.996929854586589
3.332000000000078e-07,0.02022719610724748,3.332000000000078e-07,2.99703657458384
3.333000000000078e-07,0.0202025432113514,3.333000000000078e-07,2.99714329458109
3.334000000000078e-07,0.02017789031545532,3.334000000000078e-07,2.997250014578341
3.335000000000078e-07,0.02015323741955924,3.335000000000078e-07,2.997356734575591
3.336000000000078e-07,0.02012858452366315,3.336000000000078e-07,2.997463454572842
3.337000000000078e-07,0.02010393162776707,3.337000000000078e-07,2.997570174570092
3.338000000000078e-07,0.02007927873187099,3.338000000000078e-07,2.997676894567343
3.339000000000078e-07,0.0200546258359749,3.339000000000078e-07,2.997783614564593
3.340000000000078e-07,0.02002997294007882,3.340000000000078e-07,2.997890334561844
3.341000000000078e-07,0.02000532004418274,3.341000000000078e-07,2.997997054559094
3.342000000000078e-07,0.01998066714828665,3.342000000000078e-07,2.998103774556344
3.343000000000079e-07,0.01995601425239057,3.343000000000079e-07,2.998210494553595
3.344000000000079e-07,0.01993136135649449,3.344000000000079e-07,2.998317214550845
3.345000000000079e-07,0.01990670846059841,3.345000000000079e-07,2.998423934548096
3.346000000000079e-07,0.01988205556470232,3.346000000000079e-07,2.998530654545346
3.347000000000079e-07,0.01985740266880624,3.347000000000079e-07,2.998637374542597
3.348000000000079e-07,0.01983503179840535,3.348000000000079e-07,2.998722622621901
3.349000000000079e-07,0.01981358142752842,3.349000000000079e-07,2.998799209584015
3.350000000000079e-07,0.0197921310566515,3.350000000000079e-07,2.998875796546128
3.351000000000079e-07,0.01977068068577457,3.351000000000079e-07,2.998952383508241
3.352000000000079e-07,0.01974923031489765,3.352000000000079e-07,2.999028970470354
3.353000000000079e-07,0.01972777994402072,3.353000000000079e-07,2.999105557432467
3.354000000000079e-07,0.01970632957314379,3.354000000000079e-07,2.99918214439458
3.355000000000079e-07,0.01968487920226687,3.355000000000079e-07,2.999258731356693
3.35600000000008e-07,0.01966342883138994,3.35600000000008e-07,2.999335318318806
3.35700000000008e-07,0.01964197846051301,3.35700000000008e-07,2.999411905280919
3.35800000000008e-07,0.01962052808963608,3.35800000000008e-07,2.999488492243032
3.35900000000008e-07,0.01959907771875916,3.35900000000008e-07,2.999565079205146
3.36000000000008e-07,0.01957762734788223,3.36000000000008e-07,2.999641666167259
3.36100000000008e-07,0.0195561769770053,3.36100000000008e-07,2.999718253129372
3.36200000000008e-07,0.01953472660612838,3.36200000000008e-07,2.999794840091485
3.36300000000008e-07,0.01951327623525145,3.36300000000008e-07,2.999871427053598
3.36400000000008e-07,0.01949182586437453,3.36400000000008e-07,2.999948014015711
3.36500000000008e-07,0.0194703754934976,3.36500000000008e-07,3.000024600977824
3.36600000000008e-07,0.01944892512262067,3.36600000000008e-07,3.000101187939937
3.36700000000008e-07,0.01942747475174375,3.36700000000008e-07,3.00017777490205
3.36800000000008e-07,0.01940602438086682,3.36800000000008e-07,3.000254361864163
3.369000000000081e-07,0.01938457400998989,3.369000000000081e-07,3.000330948826277
3.370000000000081e-07,0.01936312363911297,3.370000000000081e-07,3.00040753578839
3.371000000000081e-07,0.01934167326823604,3.371000000000081e-07,3.000484122750503
3.372000000000081e-07,0.01932022289735912,3.372000000000081e-07,3.000560709712616
3.373000000000081e-07,0.01929877252648219,3.373000000000081e-07,3.000637296674729
3.374000000000081e-07,0.01927732215560526,3.374000000000081e-07,3.000713883636842
3.375000000000081e-07,0.01925587178472834,3.375000000000081e-07,3.000790470598955
3.376000000000081e-07,0.01923442141385141,3.376000000000081e-07,3.000867057561068
3.377000000000081e-07,0.01921297104297448,3.377000000000081e-07,3.000943644523181
3.378000000000081e-07,0.01919152067209755,3.378000000000081e-07,3.001020231485295
3.379000000000081e-07,0.01917007030122063,3.379000000000081e-07,3.001096818447408
3.380000000000081e-07,0.0191486199303437,3.380000000000081e-07,3.001173405409521
3.381000000000081e-07,0.01912716955946677,3.381000000000081e-07,3.001249992371634
3.382000000000082e-07,0.01910571918858985,3.382000000000082e-07,3.001326579333747
3.383000000000082e-07,0.01908854758819591,3.383000000000082e-07,3.00137797390122
3.384000000000082e-07,0.01907166513029413,3.384000000000082e-07,3.001427666065679
3.385000000000082e-07,0.01905478267239234,3.385000000000082e-07,3.001477358230138
3.386000000000082e-07,0.01903790021449055,3.386000000000082e-07,3.001527050394596
3.387000000000082e-07,0.01902101775658876,3.387000000000082e-07,3.001576742559055
3.388000000000082e-07,0.01900413529868697,3.388000000000082e-07,3.001626434723514
3.389000000000082e-07,0.01898725284078518,3.389000000000082e-07,3.001676126887972
3.390000000000082e-07,0.0189703703828834,3.390000000000082e-07,3.001725819052431
3.391000000000082e-07,0.01895348792498161,3.391000000000082e-07,3.001775511216889
3.392000000000082e-07,0.01893660546707982,3.392000000000082e-07,3.001825203381348
3.393000000000082e-07,0.01891972300917803,3.393000000000082e-07,3.001874895545807
3.394000000000082e-07,0.01890284055127624,3.394000000000082e-07,3.001924587710265
3.395000000000082e-07,0.01888595809337446,3.395000000000082e-07,3.001974279874724
3.396000000000083e-07,0.01886907563547267,3.396000000000083e-07,3.002023972039183
3.397000000000083e-07,0.01885219317757088,3.397000000000083e-07,3.002073664203641
3.398000000000083e-07,0.01883531071966909,3.398000000000083e-07,3.0021233563681
3.399000000000083e-07,0.0188184282617673,3.399000000000083e-07,3.002173048532559
